identifier,asset_type,instruction,eligible_for_bounty,eligible_for_submission,availability_requirement,confidentiality_requirement,integrity_requirement,max_severity,system_tags,created_at,updated_at
truvalidate.transunion.com,URL,,false,true,high,high,high,critical,,2024-07-18 16:20:00 UTC,2024-07-18 16:20:00 UTC
https://customertest.drivershistory.com/currentversion6/wssubjectprescreenplus.asmx,URL,,false,false,high,high,high,critical,,2023-12-06 17:36:41 UTC,2024-04-09 20:06:17 UTC
qa.core-data.transunion.co.uk,URL,,false,true,high,high,high,critical,,2024-07-18 16:21:12 UTC,2024-07-18 16:21:12 UTC
quickcheck.transunion.com,URL,,false,true,high,high,high,critical,,2024-07-18 16:19:36 UTC,2024-07-18 16:19:36 UTC
truview.transunion.com,URL,,false,true,high,high,high,critical,,2024-07-18 16:20:00 UTC,2024-07-18 16:20:00 UTC
dachiuat.transunion.com,URL,,false,true,high,high,high,critical,,2024-07-18 16:18:58 UTC,2024-07-18 16:18:58 UTC
lon01vpn2.transunion.com,URL,,false,true,high,high,high,critical,,2024-07-18 16:19:19 UTC,2024-07-18 16:19:19 UTC
mrs4.transunion.com,URL,,false,true,high,high,high,critical,,2024-07-18 16:19:20 UTC,2024-07-18 16:19:20 UTC
idmart.transunion.com,URL,,false,true,high,high,high,critical,,2024-07-18 16:19:18 UTC,2024-07-18 16:19:18 UTC
vchncibdesktop.transunion.com,URL,,false,true,high,high,high,critical,,2024-07-18 16:20:02 UTC,2024-07-18 16:20:02 UTC
claimscheck.cibil.com,URL,,false,true,high,high,high,critical,,2024-07-18 16:22:10 UTC,2024-07-18 16:22:10 UTC
hybridmail.transunion.com,URL,,false,true,high,high,high,critical,,2024-07-18 16:19:18 UTC,2024-07-18 16:19:18 UTC
sbicardgateway.cibil.com,URL,,false,true,high,high,high,critical,,2024-07-18 16:22:11 UTC,2024-07-18 16:22:11 UTC
boi.ts.dstr.transunion.co.uk,URL,,false,true,high,high,high,critical,,2024-07-18 16:21:10 UTC,2024-07-18 16:21:10 UTC
wh.em-tuci.transunion.com,URL,,false,true,high,high,high,critical,,2024-07-18 16:20:02 UTC,2024-07-18 16:20:02 UTC
direct-uat.transunion.com,URL,,false,true,high,high,high,critical,,2024-07-18 16:18:59 UTC,2024-07-18 16:18:59 UTC
filetransfer.transunion.co.za,URL,,false,true,high,high,high,critical,,2024-07-18 16:22:13 UTC,2024-07-18 16:22:13 UTC
administrationdirect-uat.transunion.com,URL,,false,true,high,high,high,critical,,2024-07-18 16:18:37 UTC,2024-07-18 16:18:37 UTC
ui.transunion.com,URL,,false,true,high,high,high,critical,,2024-07-18 16:20:01 UTC,2024-07-18 16:20:01 UTC
cmspvw.transunion.do,URL,,false,true,high,high,high,critical,,2024-07-18 16:22:14 UTC,2024-07-18 16:22:14 UTC
sendlogs-data.transunion.com,URL,,false,true,high,high,high,critical,,2024-07-18 16:19:37 UTC,2024-07-18 16:19:37 UTC
deservices-uat.transunion.co.za,URL,,false,true,high,high,high,critical,,2024-07-18 16:22:13 UTC,2024-07-18 16:22:13 UTC
links.em-tuci.transunion.com,URL,,false,true,high,high,high,critical,,2024-07-18 16:19:19 UTC,2024-07-18 16:19:19 UTC
tuinf.transunion.co.za,URL,,false,true,high,high,high,critical,,2024-07-18 16:22:13 UTC,2024-07-18 16:22:13 UTC
ts.sftp-portal.transunion.co.uk,URL,,false,true,high,high,high,critical,,2024-07-18 16:21:12 UTC,2024-07-18 16:21:12 UTC
*.transunion.com.br,WILDCARD,,false,true,high,high,high,critical,,2024-08-05 13:42:38 UTC,2024-08-05 13:42:38 UTC
*.chile.transunion.com,WILDCARD,,false,true,high,high,high,critical,,2024-04-01 18:36:28 UTC,2024-07-18 16:18:42 UTC
vpn2.transunion.ca,URL,,false,true,high,high,high,critical,,2024-07-18 16:20:55 UTC,2024-07-18 16:20:55 UTC
dashboards.transunion.com,URL,,false,true,high,high,high,critical,,2024-07-18 16:18:58 UTC,2024-07-18 16:18:58 UTC
tu-pvw2.transunion.com,URL,,false,true,high,high,high,critical,,2024-07-18 16:20:01 UTC,2024-07-18 16:20:01 UTC
ct.transunion.co.za,URL,,false,true,high,high,high,critical,,2024-07-18 16:22:13 UTC,2024-07-18 16:22:13 UTC
verifications.transunion.co.za,URL,,false,true,high,high,high,critical,,2024-07-18 16:22:13 UTC,2024-07-18 16:22:13 UTC
vpn-tokens.transunion.com,URL,,false,true,high,high,high,critical,,2024-07-18 16:20:02 UTC,2024-07-18 16:20:02 UTC
dms.transunion.co.za,URL,,false,true,high,high,high,critical,,2024-07-18 16:22:13 UTC,2024-07-18 16:22:13 UTC
idmanager-uat.transunion.com,URL,,false,true,high,high,high,critical,,2024-07-18 16:19:18 UTC,2024-07-18 16:19:18 UTC
apimarketplace.transunioncibil.com,URL,,false,true,high,high,high,critical,,2024-07-18 16:22:13 UTC,2024-07-18 16:22:13 UTC
mremedy-uat.transunion.com,URL,,false,true,high,high,high,critical,,2024-07-18 16:19:20 UTC,2024-07-18 16:19:20 UTC
smgw-uat2.transunion.com,URL,,false,true,high,high,high,critical,,2024-07-18 16:19:37 UTC,2024-07-18 16:19:37 UTC
tu-pvw.transunion.com,URL,,false,true,high,high,high,critical,,2024-07-18 16:20:01 UTC,2024-07-18 16:20:01 UTC
spo3w9ap01-extweb.transunion.com,URL,,false,true,high,high,high,critical,,2024-07-18 16:19:38 UTC,2024-07-18 16:19:38 UTC
turssservices-uat.transunion.com,URL,,false,true,high,high,high,critical,,2024-07-18 16:20:01 UTC,2024-07-18 16:20:01 UTC
smweb-uat2.transunion.com,URL,,false,true,high,high,high,critical,,2024-07-18 16:19:37 UTC,2024-07-18 16:19:37 UTC
tustore.transunion.com,URL,,false,true,high,high,high,critical,,2024-07-18 16:20:01 UTC,2024-07-18 16:20:01 UTC
qex.transunion.com,URL,,false,true,high,high,high,critical,,2024-07-18 16:19:36 UTC,2024-07-18 16:19:36 UTC
qte-test.transunion.com,URL,,false,true,high,high,high,critical,,2024-07-18 16:19:36 UTC,2024-07-18 16:19:36 UTC
*.transunion.do,WILDCARD,"",false,true,high,high,high,critical,,2024-04-01 18:35:59 UTC,2024-04-01 18:35:59 UTC
direct.transunion.com,URL,,false,true,high,high,high,critical,,2024-07-18 16:18:59 UTC,2024-07-18 16:18:59 UTC
reportingcust1a.transunion.com,URL,,false,true,high,high,high,critical,,2024-07-18 16:19:37 UTC,2024-07-18 16:19:37 UTC
svmidweb01.transunion.co.za,URL,,false,true,high,high,high,critical,,2024-07-18 16:22:13 UTC,2024-07-18 16:22:13 UTC
c3app.transunion.hk,URL,,false,true,high,high,high,critical,,2024-07-18 16:22:11 UTC,2024-07-18 16:22:11 UTC
goodworks.transunion.com,URL,,false,true,high,high,high,critical,,2024-07-18 16:19:00 UTC,2024-07-18 16:19:00 UTC
mrs3.transunion.com,URL,,false,true,high,high,high,critical,,2024-07-18 16:19:20 UTC,2024-07-18 16:19:20 UTC
securetransfer-uat.transunion.ca,URL,,false,true,high,high,high,critical,,2024-07-18 16:20:54 UTC,2024-07-18 16:20:54 UTC
meet.transunion.co.uk,URL,,false,true,high,high,high,critical,,2024-07-18 16:21:11 UTC,2024-07-18 16:21:11 UTC
ct.openbanking.transunion.co.uk,URL,,false,true,high,high,high,critical,,2024-07-18 16:21:11 UTC,2024-07-18 16:21:11 UTC
gtm.transunion.com,URL,,false,true,high,high,high,critical,,2024-07-18 16:19:17 UTC,2024-07-18 16:19:17 UTC
preemployment-api-uat.transunion.com,URL,,false,true,high,high,high,critical,,2024-07-18 16:19:36 UTC,2024-07-18 16:19:36 UTC
tuaba.transunion.co.za,URL,,false,true,high,high,high,critical,,2024-07-18 16:22:13 UTC,2024-07-18 16:22:13 UTC
apiaccess-test.transunion.com,URL,,false,true,high,high,high,critical,,2024-07-18 16:18:39 UTC,2024-07-18 16:18:39 UTC
api1.transunion.com,URL,,false,true,high,high,high,critical,,2024-07-18 16:18:39 UTC,2024-07-18 16:18:39 UTC
chivpn3.transunion.com,URL,,false,true,high,high,high,critical,,2024-07-18 16:18:40 UTC,2024-07-18 16:18:40 UTC
truvalidate-console-prod.gcp.gfs.transunion.com,URL,,false,true,high,high,high,critical,,2024-07-18 16:20:00 UTC,2024-07-18 16:20:00 UTC
quickcheck-stg.transunion.com,URL,,false,true,high,high,high,critical,,2024-07-18 16:19:36 UTC,2024-07-18 16:19:36 UTC
fch-test.transunion.com,URL,,false,true,high,high,high,critical,,2024-07-18 16:18:59 UTC,2024-07-18 16:18:59 UTC
thesource.transunion.com,URL,,false,true,high,high,high,critical,,2024-07-18 16:19:38 UTC,2024-07-18 16:19:38 UTC
courtclerkadmin.transunion.com,URL,,false,true,high,high,high,critical,,2024-07-18 16:18:58 UTC,2024-07-18 16:18:58 UTC
decisioncentre-stg.transunion.com,URL,,false,true,high,high,high,critical,,2024-07-18 16:18:59 UTC,2024-07-18 16:18:59 UTC
hk1-sip.transunion.com,URL,,false,true,high,high,high,critical,,2024-07-18 16:19:18 UTC,2024-07-18 16:19:18 UTC
disclosureservices.transunion.com,URL,,false,true,high,high,high,critical,,2024-07-18 16:18:59 UTC,2024-07-18 16:18:59 UTC
hsp1.transunion.com,URL,,false,true,high,high,high,critical,,2024-07-18 16:19:18 UTC,2024-07-18 16:19:18 UTC
*.neustarcare.com,WILDCARD,"",false,true,high,high,high,critical,,2024-04-01 18:39:22 UTC,2024-04-01 18:39:22 UTC
crm.cibil.com,URL,,false,true,high,high,high,critical,,2024-07-18 16:22:10 UTC,2024-07-18 16:22:10 UTC
ciamfed.transunion.co.uk,URL,,false,true,high,high,high,critical,,2024-07-18 16:21:10 UTC,2024-07-18 16:21:10 UTC
api-mul.transunion.com,URL,,false,true,high,high,high,critical,,2024-07-18 16:18:37 UTC,2024-07-18 16:18:37 UTC
consumersolutions.transunion.ca,URL,,false,true,high,high,high,critical,,2024-07-18 16:20:54 UTC,2024-07-18 16:20:54 UTC
vpn.npac.com,URL,,false,true,high,high,high,critical,,2024-07-18 16:22:14 UTC,2024-07-18 16:22:14 UTC
*.transunion.mx,WILDCARD,"",false,true,high,high,high,critical,,2024-04-01 18:37:09 UTC,2024-04-01 18:37:09 UTC
personalsolution.transunion.hk,URL,,false,true,high,high,high,critical,,2024-04-26 16:49:39 UTC,2024-05-08 16:09:28 UTC
stageaemapi.transunion.com,URL,,false,true,high,high,high,critical,,2024-07-18 16:19:38 UTC,2024-07-18 16:19:38 UTC
consumerdispute.transunion.com,URL,,false,true,high,high,high,critical,,2024-07-18 16:18:58 UTC,2024-07-18 16:18:58 UTC
apiaccess-uat.transunion.com,URL,,false,true,high,high,high,critical,,2024-07-18 16:18:39 UTC,2024-07-18 16:18:39 UTC
fedcorpauth.transunion.com,URL,,false,true,high,high,high,critical,,2024-07-18 16:18:59 UTC,2024-07-18 16:18:59 UTC
tut.npac.com,URL,,false,true,high,high,high,critical,,2024-07-18 16:22:14 UTC,2024-07-18 16:22:14 UTC
my3-uat.transunion.com,URL,,false,true,high,high,high,critical,,2024-07-18 16:19:20 UTC,2024-07-18 16:19:20 UTC
cosmos.transunion.co.uk,URL,,false,true,high,high,high,critical,,2024-07-18 16:21:11 UTC,2024-07-18 16:21:11 UTC
ash02oobvpn.transunion.com,URL,,false,true,high,high,high,critical,,2024-07-18 16:18:39 UTC,2024-07-18 16:18:39 UTC
de-test.transunion.com,URL,,false,true,high,high,high,critical,,2024-07-18 16:18:58 UTC,2024-07-18 16:18:58 UTC
global-mktg.transunion.com,URL,,false,true,high,high,high,critical,,2024-07-18 16:19:00 UTC,2024-07-18 16:19:00 UTC
myscore.cibil.com,URL,,false,true,high,high,high,critical,,2024-07-18 16:22:11 UTC,2024-07-18 16:22:11 UTC
bdsacxiom-uat.transunion.com,URL,,false,true,high,high,high,critical,,2024-07-18 16:18:40 UTC,2024-07-18 16:18:40 UTC
pmsummit.transunion.com,URL,,false,true,high,high,high,critical,,2024-07-18 16:19:36 UTC,2024-07-18 16:19:36 UTC
tuhcm.transunion.com,URL,,false,true,high,high,high,critical,,2024-07-18 16:20:01 UTC,2024-07-18 16:20:01 UTC
developer.transunion.com,URL,,false,true,high,high,high,critical,,2024-07-18 16:18:59 UTC,2024-07-18 16:18:59 UTC
cmsstage.transunion.co.uk,URL,,false,true,high,high,high,critical,,2024-07-18 16:21:11 UTC,2024-07-18 16:21:11 UTC
servicenow.transunion.com,URL,,false,true,high,high,high,critical,,2024-07-18 16:19:37 UTC,2024-07-18 16:19:37 UTC
stageapimarketplace.transunioncibil.com,URL,,false,true,high,high,high,critical,,2024-07-18 16:22:14 UTC,2024-07-18 16:22:14 UTC
webupdates-uat.transunion.ca,URL,,false,true,high,high,high,critical,,2024-07-18 16:20:55 UTC,2024-07-18 16:20:55 UTC
shareable-admin-ext.transunion.com,URL,,false,true,high,high,high,critical,,2024-07-18 16:19:37 UTC,2024-07-18 16:19:37 UTC
archer.transunion.com,URL,,false,true,high,high,high,critical,,2024-07-18 16:18:39 UTC,2024-07-18 16:18:39 UTC
asc.transunion.com,URL,,false,true,high,high,high,critical,,2024-07-18 16:18:39 UTC,2024-07-18 16:18:39 UTC
prama.transunion.com,URL,,false,true,high,high,high,critical,,2024-07-18 16:19:36 UTC,2024-07-18 16:19:36 UTC
cmsstage.transunion.co.za,URL,,false,true,high,high,high,critical,,2024-07-18 16:22:13 UTC,2024-07-18 16:22:13 UTC
assocert.transunion.com,URL,,false,true,high,high,high,critical,,2024-07-18 16:18:39 UTC,2024-07-18 16:18:39 UTC
dnbftp.cibil.com,URL,,false,true,high,high,high,critical,,2024-07-18 16:22:10 UTC,2024-07-18 16:22:10 UTC
smweb-uat1.transunion.com,URL,,false,true,high,high,high,critical,,2024-07-18 16:19:37 UTC,2024-07-18 16:19:37 UTC
wug.transunion.co.za,URL,,false,true,high,high,high,critical,,2024-07-18 16:22:13 UTC,2024-07-18 16:22:13 UTC
chivpn-oms1.transunion.com,URL,,false,true,high,high,high,critical,,2024-07-18 16:18:40 UTC,2024-07-18 16:18:40 UTC
checkmyscore-pvw.transunion.com,URL,,false,true,high,high,high,critical,,2024-07-18 16:18:40 UTC,2024-07-18 16:18:40 UTC
eastafrica.transunion.com,URL,,false,true,high,high,high,critical,,2024-07-18 16:18:59 UTC,2024-07-18 16:18:59 UTC
globaltech-stg.transunion.com,URL,,false,true,high,high,high,critical,,2024-07-18 16:19:00 UTC,2024-07-18 16:19:00 UTC
qa.decisionedge.transunion.co.uk,URL,,false,true,high,high,high,critical,,2024-07-18 16:21:12 UTC,2024-07-18 16:21:12 UTC
alerts.hsp.transunion.com,URL,,false,true,high,high,high,critical,,2024-07-18 16:18:37 UTC,2024-07-18 16:18:37 UTC
idmanager-sts.transunion.com,URL,,false,true,high,high,high,critical,,2024-07-18 16:19:18 UTC,2024-07-18 16:19:18 UTC
crsnumericsearch-ctf.transunion.com,URL,,false,true,high,high,high,critical,,2024-07-18 16:18:58 UTC,2024-07-18 16:18:58 UTC
chile.transunion.com,URL,,false,true,high,high,high,critical,,2024-07-18 16:18:40 UTC,2024-07-18 16:18:40 UTC
cmsstage.transunioncentralamerica.com,URL,,false,true,high,high,high,critical,,2024-07-18 16:22:14 UTC,2024-07-18 16:22:14 UTC
encrypted.transunion.com,URL,,false,true,high,high,high,critical,,2024-07-18 16:18:59 UTC,2024-07-18 16:18:59 UTC
apps.transunion.com,URL,,false,true,high,high,high,critical,,2024-07-18 16:18:39 UTC,2024-07-18 16:18:39 UTC
sow.npac.com,URL,,false,true,high,high,high,critical,,2024-07-18 16:22:14 UTC,2024-07-18 16:22:14 UTC
cm.transunion.com,URL,,false,true,high,high,high,critical,,2024-07-18 16:18:57 UTC,2024-07-18 16:18:57 UTC
investors.transunion.com,URL,,false,true,high,high,high,critical,,2024-07-18 16:19:19 UTC,2024-07-18 16:19:19 UTC
miid.transunion.hk,URL,,false,true,high,high,high,critical,,2024-07-18 16:22:12 UTC,2024-07-18 16:22:12 UTC
lon01vpn.transunion.com,URL,,false,true,high,high,high,critical,,2024-07-18 16:19:19 UTC,2024-07-18 16:19:19 UTC
itrs-fch-test.transunion.com,URL,,false,true,high,high,high,critical,,2024-07-18 16:19:19 UTC,2024-07-18 16:19:19 UTC
*.transunionsolutions.co.in,WILDCARD,,false,true,high,high,high,critical,,2024-05-28 16:40:04 UTC,2024-05-28 16:40:04 UTC
qex-ctf.transunion.com,URL,,false,true,high,high,high,critical,,2024-07-18 16:19:36 UTC,2024-07-18 16:19:36 UTC
vpnchi-neustar.transunion.com,URL,,false,true,high,high,high,critical,,2024-07-18 16:20:02 UTC,2024-07-18 16:20:02 UTC
imvrs-uat.transunion.com,URL,,false,true,high,high,high,critical,,2024-07-18 16:19:18 UTC,2024-07-18 16:19:18 UTC
core-data.transunion.co.uk,URL,,false,true,high,high,high,critical,,2024-07-18 16:21:11 UTC,2024-07-18 16:21:11 UTC
ias.tui.transunion.com,URL,,false,true,high,high,high,critical,,2024-07-18 16:19:18 UTC,2024-07-18 16:19:18 UTC
*.transunion.ph,WILDCARD,"",false,true,high,high,high,critical,,2024-04-01 16:46:56 UTC,2024-04-01 16:46:56 UTC
identity-uat.transunion.com,URL,,false,true,high,high,high,critical,,2024-07-18 16:19:18 UTC,2024-07-18 16:19:18 UTC
smadmin-uat1.transunion.com,URL,,false,true,high,high,high,critical,,2024-07-18 16:19:37 UTC,2024-07-18 16:19:37 UTC
buster.tui.transunion.com,URL,,false,true,high,high,high,critical,,2024-07-18 16:18:40 UTC,2024-07-18 16:18:40 UTC
etime.transunion.com,URL,,false,true,high,high,high,critical,,2024-07-18 16:18:59 UTC,2024-07-18 16:18:59 UTC
mgmtvpn.transunion.com,URL,,false,true,high,high,high,critical,,2024-07-18 16:19:20 UTC,2024-07-18 16:19:20 UTC
aeresource-cvd.tui.transunion.com,URL,,false,true,high,high,high,critical,,2024-07-18 16:18:37 UTC,2024-07-18 16:18:37 UTC
css.transunion.com,URL,,false,true,high,high,high,critical,,2024-07-18 16:18:58 UTC,2024-07-18 16:18:58 UTC
fieldmail.transunion.com,URL,,false,true,high,high,high,critical,,2024-07-18 16:19:00 UTC,2024-07-18 16:19:00 UTC
dialin.transunion.com,URL,,false,true,high,high,high,critical,,2024-07-18 16:18:59 UTC,2024-07-18 16:18:59 UTC
onlinedispute.transunion.com,URL,,false,true,high,high,high,critical,,2024-07-18 16:19:35 UTC,2024-07-18 16:19:35 UTC
dmsuat.transunion.co.za,URL,,false,true,high,high,high,critical,,2024-07-18 16:22:13 UTC,2024-07-18 16:22:13 UTC
capitaloneapi.tui.transunion.com,URL,,false,true,high,high,high,critical,,2024-07-18 16:18:40 UTC,2024-07-18 16:18:40 UTC
api-hc-test.transunion.com,URL,,false,true,high,high,high,critical,,2024-07-18 16:18:37 UTC,2024-07-18 16:18:37 UTC
ias-tu-int.tui.transunion.com,URL,,false,true,high,high,high,critical,,2024-07-18 16:19:18 UTC,2024-07-18 16:19:18 UTC
openbanking.transunion.co.uk,URL,,false,true,high,high,high,critical,,2024-07-18 16:21:11 UTC,2024-07-18 16:21:11 UTC
master.fl.transunion.hk,URL,,false,true,high,high,high,critical,,2024-07-18 16:22:12 UTC,2024-07-18 16:22:12 UTC
alerts-uat.hsp.transunion.com,URL,,false,true,high,high,high,critical,,2024-07-18 16:18:37 UTC,2024-07-18 16:18:37 UTC
dispute.transunion.com,URL,,false,true,high,high,high,critical,,2024-02-20 20:15:33 UTC,2024-07-18 16:19:01 UTC
fedcustauth.transunion.com,URL,,false,true,high,high,high,critical,,2024-07-18 16:19:00 UTC,2024-07-18 16:19:00 UTC
truecredit.transunion.com,URL,,false,true,high,high,high,critical,,2024-07-18 16:19:38 UTC,2024-07-18 16:19:38 UTC
kycupload.cibil.com,URL,,false,true,high,high,high,critical,,2024-07-18 16:22:10 UTC,2024-07-18 16:22:10 UTC
custcert.transunion.com,URL,,false,true,high,high,high,critical,,2024-07-18 16:18:58 UTC,2024-07-18 16:18:58 UTC
mfiuat.cibil.com,URL,,false,true,high,high,high,critical,,2024-07-18 16:22:11 UTC,2024-07-18 16:22:11 UTC
go.transunion.com,URL,,false,true,high,high,high,critical,,2024-07-18 16:19:00 UTC,2024-07-18 16:19:00 UTC
web-guides.transunion.com,URL,,false,true,high,high,high,critical,,2024-07-18 16:20:02 UTC,2024-07-18 16:20:02 UTC
quickcheck-uat.transunion.com,URL,,false,true,high,high,high,critical,,2024-07-18 16:19:36 UTC,2024-07-18 16:19:36 UTC
chnvpn-lb.transunion.com,URL,,false,true,high,high,high,critical,,2024-07-18 16:18:41 UTC,2024-07-18 16:18:41 UTC
spo3w9ap03-extweb.transunion.com,URL,,false,true,high,high,high,critical,,2024-07-18 16:19:38 UTC,2024-07-18 16:19:38 UTC
us2fepool01-extweb.transunion.com,URL,,false,true,high,high,high,critical,,2024-07-18 16:20:02 UTC,2024-07-18 16:20:02 UTC
digitalcertdirect-uat.transunion.com,URL,,false,true,high,high,high,critical,,2024-07-18 16:18:59 UTC,2024-07-18 16:18:59 UTC
netaccess.transunion.com,URL,,false,true,high,high,high,critical,,2024-07-18 16:19:20 UTC,2024-07-18 16:19:20 UTC
insummit.transunion.com,URL,,false,true,high,high,high,critical,,2024-07-18 16:19:18 UTC,2024-07-18 16:19:18 UTC
newsroom.transunioncibil.com,URL,,false,true,high,high,high,critical,,2024-07-18 16:22:14 UTC,2024-07-18 16:22:14 UTC
cmsdev.transunioncibil.com,URL,,false,true,high,high,high,critical,,2024-07-18 16:22:14 UTC,2024-07-18 16:22:14 UTC
lonvpn-lb.transunion.com,URL,,false,true,high,high,high,critical,,2024-07-18 16:19:19 UTC,2024-07-18 16:19:19 UTC
atlasccr.cibil.com,URL,,false,true,high,high,high,critical,,2024-07-18 16:22:10 UTC,2024-07-18 16:22:10 UTC
datagatewayuat.transunion.hk,URL,,false,true,high,high,high,critical,,2024-07-18 16:22:11 UTC,2024-07-18 16:22:11 UTC
idp.transunion.com,URL,,false,true,high,high,high,critical,,2024-07-18 16:19:18 UTC,2024-07-18 16:19:18 UTC
us1fepool01-extweb.transunion.com,URL,,false,true,high,high,high,critical,,2024-07-18 16:20:02 UTC,2024-07-18 16:20:02 UTC
isaav.transunion.com,URL,,false,true,high,high,high,critical,,2024-07-18 16:19:19 UTC,2024-07-18 16:19:19 UTC
authsvc.tui.transunion.com,URL,,false,true,high,high,high,critical,,2024-07-18 16:18:40 UTC,2024-07-18 16:18:40 UTC
chivpn2.transunion.com,URL,,false,true,high,high,high,critical,,2024-07-18 16:18:40 UTC,2024-07-18 16:18:40 UTC
tu-ipaas.transunion.com,URL,,false,true,high,high,high,critical,,2024-07-18 16:20:01 UTC,2024-07-18 16:20:01 UTC
securekey-poc1.transunion.ca,URL,,false,true,high,high,high,critical,,2024-07-18 16:20:54 UTC,2024-07-18 16:20:54 UTC
mi.transunion.com,URL,,false,true,high,high,high,critical,,2024-07-18 16:19:20 UTC,2024-07-18 16:19:20 UTC
cmsstage.transunion.com,URL,,false,true,high,high,high,critical,,2024-07-18 16:18:58 UTC,2024-07-18 16:18:58 UTC
autotest.transunion.co.za,URL,,false,true,high,high,high,critical,,2024-07-18 16:22:12 UTC,2024-07-18 16:22:12 UTC
app1-dev-pub-alb.transunion.com,URL,,false,true,high,high,high,critical,,2024-07-18 16:18:39 UTC,2024-07-18 16:18:39 UTC
sftp.cibil.com,URL,,false,true,high,high,high,critical,,2024-07-18 16:22:11 UTC,2024-07-18 16:22:11 UTC
spo3w9ap02-extweb.transunion.com,URL,,false,true,high,high,high,critical,,2024-07-18 16:19:38 UTC,2024-07-18 16:19:38 UTC
fr.manualupdates.transunion.ca,URL,,false,true,high,high,high,critical,,2024-07-18 16:20:54 UTC,2024-07-18 16:20:54 UTC
my3decision-uat.transunion.com,URL,,false,true,high,high,high,critical,,2024-07-18 16:19:20 UTC,2024-07-18 16:19:20 UTC
at.transunion.co.za,URL,,false,true,high,high,high,critical,,2024-07-18 16:22:12 UTC,2024-07-18 16:22:12 UTC
http://customertest.drivershistory.com/dr3/api/dr30/getcombined,URL,,false,false,high,high,high,critical,,2023-12-06 17:36:10 UTC,2024-04-09 20:06:17 UTC
tucibil-pvw.transunion.com,URL,,false,true,high,high,high,critical,,2024-07-18 16:20:01 UTC,2024-07-18 16:20:01 UTC
cfed-ctf.transunion.com,URL,,false,true,high,high,high,critical,,2024-07-18 16:18:40 UTC,2024-07-18 16:18:40 UTC
fedcust-uat.transunion.com,URL,,false,true,high,high,high,critical,,2024-07-18 16:18:59 UTC,2024-07-18 16:18:59 UTC
legalrequest.transunion.com,URL,,false,true,high,high,high,critical,,2024-07-18 16:19:19 UTC,2024-07-18 16:19:19 UTC
newsletter.transunion.co.za,URL,,false,true,high,high,high,critical,,2024-07-18 16:22:13 UTC,2024-07-18 16:22:13 UTC
chnvpn2.transunion.com,URL,,false,true,high,high,high,critical,,2024-07-18 16:18:41 UTC,2024-07-18 16:18:41 UTC
creditretriever.transunion.com,URL,,false,true,high,high,high,critical,,2024-07-18 16:18:58 UTC,2024-07-18 16:18:58 UTC
qa.affordability.transunion.co.uk,URL,,false,true,high,high,high,critical,,2024-07-18 16:21:11 UTC,2024-07-18 16:21:11 UTC
bdswebsite-uat.transunion.com,URL,,false,true,high,high,high,critical,,2024-07-18 16:18:40 UTC,2024-07-18 16:18:40 UTC
cc2rest.tui.transunion.com,URL,,false,true,high,high,high,critical,,2024-07-18 16:18:40 UTC,2024-07-18 16:18:40 UTC
vpn.transunion.com,URL,,false,true,high,high,high,critical,,2024-07-18 16:20:02 UTC,2024-07-18 16:20:02 UTC
tu4rscores.transunion.ca,URL,,false,true,high,high,high,critical,,2024-07-18 16:20:55 UTC,2024-07-18 16:20:55 UTC
hko3w9ap02-extweb.transunion.com,URL,,false,true,high,high,high,critical,,2024-07-18 16:19:18 UTC,2024-07-18 16:19:18 UTC
cmspvw.transunion.ca,URL,,false,true,high,high,high,critical,,2024-07-18 16:20:53 UTC,2024-07-18 16:20:53 UTC
horizon.ha.transunion.ca,URL,,false,true,high,high,high,critical,,2024-07-18 16:20:54 UTC,2024-07-18 16:20:54 UTC
tu4rscores-uat.transunion.ca,URL,,false,true,high,high,high,critical,,2024-07-18 16:20:55 UTC,2024-07-18 16:20:55 UTC
residentverify.transunion.com,URL,,false,true,high,high,high,critical,,2024-07-18 16:19:37 UTC,2024-07-18 16:19:37 UTC
de.transunion.com,URL,,false,true,high,high,high,critical,,2024-07-18 16:18:59 UTC,2024-07-18 16:18:59 UTC
newsroom.transunion.ph,URL,,false,true,high,high,high,critical,,2024-07-18 16:22:14 UTC,2024-07-18 16:22:14 UTC
tuocrsuat2.transunion.hk,URL,,false,true,high,high,high,critical,,2024-07-18 16:22:12 UTC,2024-07-18 16:22:12 UTC
integrated.test.transunion.com,URL,,false,true,high,high,high,critical,,2024-07-18 16:19:18 UTC,2024-07-18 16:19:18 UTC
fch.transunion.com,URL,,false,true,high,high,high,critical,,2024-07-18 16:18:59 UTC,2024-07-18 16:18:59 UTC
newsroom.transunion.com,URL,,false,true,high,high,high,critical,,2024-07-18 16:19:21 UTC,2024-07-18 16:19:21 UTC
kyriba.transunion.com,URL,,false,true,high,high,high,critical,,2024-07-18 16:19:19 UTC,2024-07-18 16:19:19 UTC
audclient.transunion.com,URL,,false,true,high,high,high,critical,,2024-07-18 16:18:39 UTC,2024-07-18 16:18:39 UTC
noname-test.transunion.com,URL,,false,true,high,high,high,critical,,2024-07-18 16:19:21 UTC,2024-07-18 16:19:21 UTC
ca.npac.com,URL,,false,true,high,high,high,critical,,2024-07-18 16:22:14 UTC,2024-07-18 16:22:14 UTC
my3.transunion.com,URL,,false,true,high,high,high,critical,,2024-07-18 16:19:20 UTC,2024-07-18 16:19:20 UTC
webmail.transunion.hk,URL,,false,true,high,high,high,critical,,2024-07-18 16:22:12 UTC,2024-07-18 16:22:12 UTC
*.neustar,WILDCARD,"",false,true,high,high,high,critical,,2024-04-01 18:38:32 UTC,2024-05-02 21:41:47 UTC
lpdashboard.transunion.com,URL,,false,true,high,high,high,critical,,2024-07-18 16:19:19 UTC,2024-07-18 16:19:19 UTC
tu-rwanda.transunion.com,URL,,false,true,high,high,high,critical,,2024-07-18 16:20:01 UTC,2024-07-18 16:20:01 UTC
workday-sbx.transunion.com,URL,,false,true,high,high,high,critical,,2024-07-18 16:20:02 UTC,2024-07-18 16:20:02 UTC
br-pvw.transunion.com,URL,,false,true,high,high,high,critical,,2024-07-18 16:18:40 UTC,2024-07-18 16:18:40 UTC
tubr-pvw.transunion.com,URL,,false,true,high,high,high,critical,,2024-07-18 16:20:01 UTC,2024-07-18 16:20:01 UTC
chivpn-stg.transunion.com,URL,,false,true,high,high,high,critical,,2024-07-18 16:18:40 UTC,2024-07-18 16:18:40 UTC
partner.transunion.hk,URL,,false,true,high,high,high,critical,,2024-07-18 16:22:12 UTC,2024-07-18 16:22:12 UTC
blog.transunion.com,URL,,false,true,high,high,high,critical,,2024-07-18 16:18:40 UTC,2024-07-18 16:18:40 UTC
attributemanager.transunion.com,URL,,false,true,high,high,high,critical,,2024-07-18 16:18:39 UTC,2024-07-18 16:18:39 UTC
nlkvpn2.transunion.com,URL,,false,true,high,high,high,critical,,2024-07-18 16:19:21 UTC,2024-07-18 16:19:21 UTC
us2-sip.transunion.com,URL,,false,true,high,high,high,critical,,2024-07-18 16:20:02 UTC,2024-07-18 16:20:02 UTC
lyncdiscover.transunion.co.uk,URL,,false,true,high,high,high,critical,,2024-07-18 16:21:11 UTC,2024-07-18 16:21:11 UTC
*.crivo.com.br,WILDCARD,,false,true,high,high,high,critical,,2024-08-05 13:49:43 UTC,2024-08-05 13:49:43 UTC
api-np.transunion.com,URL,,false,true,high,high,high,critical,,2024-07-18 16:18:37 UTC,2024-07-18 16:18:37 UTC
iimadmin.transunion.com,URL,,false,true,high,high,high,critical,,2024-07-18 16:19:18 UTC,2024-07-18 16:19:18 UTC
images.dgt.transunion.com,URL,,false,true,high,high,high,critical,,2024-07-18 16:19:18 UTC,2024-07-18 16:19:18 UTC
creditprofile.transunion.ca,URL,,false,true,high,high,high,critical,,2024-07-18 16:20:54 UTC,2024-07-18 16:20:54 UTC
tuls.transunion.com,URL,,false,true,high,high,high,critical,,2024-07-18 16:20:01 UTC,2024-07-18 16:20:01 UTC
fssummit.transunion.com,URL,,false,true,high,high,high,critical,,2024-07-18 16:19:00 UTC,2024-07-18 16:19:00 UTC
tu-api-np.transunion.com,URL,,false,true,high,high,high,critical,,2024-07-18 16:20:00 UTC,2024-07-18 16:20:00 UTC
globalcreditconnect-uat.transunion.ca,URL,,false,true,high,high,high,critical,,2024-07-18 16:20:54 UTC,2024-07-18 16:20:54 UTC
agilecentral.transunion.com,URL,,false,true,high,high,high,critical,,2024-07-18 16:18:37 UTC,2024-07-18 16:18:37 UTC
smadmin-uat2.transunion.com,URL,,false,true,high,high,high,critical,,2024-07-18 16:19:37 UTC,2024-07-18 16:19:37 UTC
dataconnect-mem.transunion.hk,URL,,false,true,high,high,high,critical,,2024-07-18 16:22:11 UTC,2024-07-18 16:22:11 UTC
conteudo.brasil.transunion.com,URL,,false,true,high,high,high,critical,,2024-07-18 16:18:58 UTC,2024-07-18 16:18:58 UTC
qexadmin.transunion.com,URL,,false,true,high,high,high,critical,,2024-07-18 16:19:36 UTC,2024-07-18 16:19:36 UTC
*.transunioncentralamerica.com,WILDCARD,"",false,true,high,high,high,critical,,2024-04-01 18:36:45 UTC,2024-04-01 18:36:45 UTC
idmanager.transunion.com,URL,,false,true,high,high,high,critical,,2024-07-18 16:19:18 UTC,2024-07-18 16:19:18 UTC
consumerconnect.tui.transunion.com,URL,,false,true,high,high,high,critical,,2024-07-18 16:18:58 UTC,2024-07-18 16:18:58 UTC
*.transunion.com,WILDCARD,,false,true,high,high,high,critical,,2024-02-12 20:57:10 UTC,2024-07-18 16:18:42 UTC
api.transunion.com,URL,,false,true,high,high,high,critical,,2024-07-18 16:18:38 UTC,2024-07-18 16:18:38 UTC
us2-wc.transunion.com,URL,,false,true,high,high,high,critical,,2024-07-18 16:20:02 UTC,2024-07-18 16:20:02 UTC
commercialapi.cibil.com,URL,,false,true,high,high,high,critical,,2024-07-18 16:22:10 UTC,2024-07-18 16:22:10 UTC
associatecert.transunion.com,URL,,false,true,high,high,high,critical,,2024-07-18 16:18:39 UTC,2024-07-18 16:18:39 UTC
lon02vpn.transunion.com,URL,,false,true,high,high,high,critical,,2024-07-18 16:19:19 UTC,2024-07-18 16:19:19 UTC
cmsstage.transunion.ca,URL,,false,true,high,high,high,critical,,2024-07-18 16:20:53 UTC,2024-07-18 16:20:53 UTC
tuph-pvw.transunion.com,URL,,false,true,high,high,high,critical,,2024-07-18 16:20:01 UTC,2024-07-18 16:20:01 UTC
*.zipcode.com.br,WILDCARD,,false,true,high,high,high,critical,,2024-08-06 08:21:17 UTC,2024-08-06 08:21:17 UTC
certuserdirect-uat.transunion.com,URL,,false,true,high,high,high,critical,,2024-07-18 16:18:40 UTC,2024-07-18 16:18:40 UTC
vpn2.npac.com,URL,,false,true,high,high,high,critical,,2024-07-18 16:22:14 UTC,2024-07-18 16:22:14 UTC
ct.categorisation.transunion.co.uk,URL,,false,true,high,high,high,critical,,2024-07-18 16:21:11 UTC,2024-07-18 16:21:11 UTC
cmsstage.transunion.hk,URL,,false,true,high,high,high,critical,,2024-07-18 16:22:11 UTC,2024-07-18 16:22:11 UTC
netaccessolb-test.transunion.com,URL,,false,true,high,high,high,critical,,2024-07-18 16:19:20 UTC,2024-07-18 16:19:20 UTC
cmspvw.cibil.com,URL,,false,true,high,high,high,critical,,2024-07-18 16:22:10 UTC,2024-07-18 16:22:10 UTC
tuneuat.tuintl.transunion.ca,URL,,false,true,high,high,high,critical,,2024-07-18 16:20:55 UTC,2024-07-18 16:20:55 UTC
onlinedisputeform.transunion.com,URL,,false,true,high,high,high,critical,,2024-07-18 16:19:35 UTC,2024-07-18 16:19:35 UTC
tuin-pvw2.transunion.com,URL,,false,true,high,high,high,critical,,2024-07-18 16:20:01 UTC,2024-07-18 16:20:01 UTC
cmsdev.transunion.mx,URL,,false,true,high,high,high,critical,,2024-07-18 16:22:14 UTC,2024-07-18 16:22:14 UTC
ph-pvw.transunion.com,URL,,false,true,high,high,high,critical,,2024-07-18 16:19:36 UTC,2024-07-18 16:19:36 UTC
workday.transunion.com,URL,,false,true,high,high,high,critical,,2024-07-18 16:20:02 UTC,2024-07-18 16:20:02 UTC
secure-ocs.transunion.ca,URL,,false,true,high,high,high,critical,,2024-07-18 16:20:54 UTC,2024-07-18 16:20:54 UTC
tu-ipaas-np.transunion.com,URL,,false,true,high,high,high,critical,,2024-07-18 16:20:01 UTC,2024-07-18 16:20:01 UTC
smgw-uat1.transunion.com,URL,,false,true,high,high,high,critical,,2024-07-18 16:19:37 UTC,2024-07-18 16:19:37 UTC
api.transunion.co.za,URL,,false,true,high,high,high,critical,,2024-07-18 16:22:12 UTC,2024-07-18 16:22:12 UTC
suit.cibil.com,URL,,false,true,high,high,high,critical,,2024-07-18 16:22:11 UTC,2024-07-18 16:22:11 UTC
vpn3.transunion.ca,URL,,false,true,high,high,high,critical,,2024-07-18 16:20:55 UTC,2024-07-18 16:20:55 UTC
tuca-pvw2.transunion.com,URL,,false,true,high,high,high,critical,,2024-07-18 16:20:01 UTC,2024-07-18 16:20:01 UTC
nacam.transunion.com,URL,,false,true,high,high,high,critical,,2024-07-18 16:19:20 UTC,2024-07-18 16:19:20 UTC
hrcp.transunion.com,URL,,false,true,high,high,high,critical,,2024-07-18 16:19:18 UTC,2024-07-18 16:19:18 UTC
disputecenter.transunion.com,URL,,false,true,high,high,high,critical,,2024-07-18 16:18:59 UTC,2024-07-18 16:18:59 UTC
za-pvw.transunion.com,URL,,false,true,high,high,high,critical,,2024-07-18 16:20:02 UTC,2024-07-18 16:20:02 UTC
residentverify-ext.transunion.com,URL,,false,true,high,high,high,critical,,2024-07-18 16:19:37 UTC,2024-07-18 16:19:37 UTC
preemployment-uat2.transunion.com,URL,,false,true,high,high,high,critical,,2024-07-18 16:19:36 UTC,2024-07-18 16:19:36 UTC
bravenewworlds.transunion.com,URL,,false,true,high,high,high,critical,,2024-07-18 16:18:40 UTC,2024-07-18 16:18:40 UTC
clientportal-stg.transunion.com,URL,,false,true,high,high,high,critical,,2024-07-18 16:18:41 UTC,2024-07-18 16:18:41 UTC
vmanage-emea.transunion.com,URL,,false,true,high,high,high,critical,,2024-07-18 16:20:02 UTC,2024-07-18 16:20:02 UTC
*.neustar.biz,WILDCARD,"",false,true,high,high,high,critical,,2024-04-01 18:38:59 UTC,2024-04-01 18:38:59 UTC
direct.gov.transunion.ca,URL,,false,true,high,high,high,critical,,2024-07-18 16:20:54 UTC,2024-07-18 16:20:54 UTC
pp.nhs.transunion.co.uk,URL,,false,true,high,high,high,critical,,2024-07-18 16:21:11 UTC,2024-07-18 16:21:11 UTC
gfscs-orchestration-uat-staging.gcp.gfs.transunion.com,URL,,false,true,high,high,high,critical,,2024-07-18 16:19:00 UTC,2024-07-18 16:19:00 UTC
ct.nhs.transunion.co.uk,URL,,false,true,high,high,high,critical,,2024-07-18 16:21:11 UTC,2024-07-18 16:21:11 UTC
residentapply-ext.transunion.com,URL,,false,true,high,high,high,critical,,2024-07-18 16:19:37 UTC,2024-07-18 16:19:37 UTC
dachi.transunion.com,URL,,false,true,high,high,high,critical,,2024-07-18 16:18:58 UTC,2024-07-18 16:18:58 UTC
apacvpn.transunion.hk,URL,,false,true,high,high,high,critical,,2024-07-18 16:22:11 UTC,2024-07-18 16:22:11 UTC
feedback.transunion.com,URL,,false,true,high,high,high,critical,,2024-07-18 16:19:00 UTC,2024-07-18 16:19:00 UTC
fraud.transunion.com,URL,,false,true,high,high,high,critical,,2024-02-20 20:17:02 UTC,2024-07-18 16:19:01 UTC
tuciinquiry.transunion.ca,URL,,false,true,high,high,high,critical,,2024-07-18 16:20:55 UTC,2024-07-18 16:20:55 UTC
tlo-pvw.transunion.com,URL,,false,true,high,high,high,critical,,2024-07-18 16:19:38 UTC,2024-07-18 16:19:38 UTC
decisioncentre.transunion.ca,URL,,false,true,high,high,high,critical,,2024-07-18 16:20:54 UTC,2024-07-18 16:20:54 UTC
access3.transunion.com,URL,,false,true,high,high,high,critical,,2024-07-18 16:18:37 UTC,2024-07-18 16:18:37 UTC
hk1-wc.transunion.com,URL,,false,true,high,high,high,critical,,2024-07-18 16:19:18 UTC,2024-07-18 16:19:18 UTC
view3-readonly.transunion.com,URL,,false,true,high,high,high,critical,,2024-07-18 16:20:02 UTC,2024-07-18 16:20:02 UTC
nlkvpn.transunion.com,URL,,false,true,high,high,high,critical,,2024-07-18 16:19:21 UTC,2024-07-18 16:19:21 UTC
niku.transunion.com,URL,,false,true,high,high,high,critical,,2024-07-18 16:19:21 UTC,2024-07-18 16:19:21 UTC
restofafrica-pvw.transunion.com,URL,,false,true,high,high,high,critical,,2024-07-18 16:19:37 UTC,2024-07-18 16:19:37 UTC
danl.transunion.com,URL,,false,true,high,high,high,critical,,2024-07-18 16:18:58 UTC,2024-07-18 16:18:58 UTC
sp1-sip.transunion.com,URL,,false,true,high,high,high,critical,,2024-07-18 16:19:37 UTC,2024-07-18 16:19:37 UTC
odicert.transunion.com,URL,,false,true,high,high,high,critical,,2024-07-18 16:19:21 UTC,2024-07-18 16:19:21 UTC
apiaccess.transunion.com,URL,,false,true,high,high,high,critical,,2024-07-18 16:18:39 UTC,2024-07-18 16:18:39 UTC
chn02-oob.transunion.com,URL,,false,true,high,high,high,critical,,2024-07-18 16:18:41 UTC,2024-07-18 16:18:41 UTC
tuftp.cibil.com,URL,,false,true,high,high,high,critical,,2024-07-18 16:22:11 UTC,2024-07-18 16:22:11 UTC
connect.openbanking.transunion.co.uk,URL,,false,true,high,high,high,critical,,2024-07-18 16:21:11 UTC,2024-07-18 16:21:11 UTC
neuvpn.npac.com,URL,,false,true,high,high,high,critical,,2024-07-18 16:22:14 UTC,2024-07-18 16:22:14 UTC
lendprotectuk.transunion.com,URL,,false,true,high,high,high,critical,,2024-07-18 16:19:19 UTC,2024-07-18 16:19:19 UTC
degreed.transunion.com,URL,,false,true,high,high,high,critical,,2024-07-18 16:18:59 UTC,2024-07-18 16:18:59 UTC
sftp.transunion.co.za,URL,,false,true,high,high,high,critical,,2024-07-18 16:22:13 UTC,2024-07-18 16:22:13 UTC
mee.transunion.com,URL,,false,true,high,high,high,critical,,2024-07-18 16:19:20 UTC,2024-07-18 16:19:20 UTC
securewebtransfer.transunion.ca,URL,,false,true,high,high,high,critical,,2024-07-18 16:20:54 UTC,2024-07-18 16:20:54 UTC
pp.cosmos.transunion.co.uk,URL,,false,true,high,high,high,critical,,2024-07-18 16:21:11 UTC,2024-07-18 16:21:11 UTC
annualcreditreport.transunion.com,URL,,false,true,high,high,high,critical,,2024-07-18 16:18:37 UTC,2024-07-18 16:18:37 UTC
quickcheck2.transunion.com,URL,,false,true,high,high,high,critical,,2024-07-18 16:19:36 UTC,2024-07-18 16:19:36 UTC
tuidm.transunion.com,URL,,false,true,high,high,high,critical,,2024-07-18 16:20:01 UTC,2024-07-18 16:20:01 UTC
phlvpn.transunion.com,URL,,false,true,high,high,high,critical,,2024-07-18 16:19:36 UTC,2024-07-18 16:19:36 UTC
stageglobaltech.transunion.com,URL,,false,true,high,high,high,critical,,2024-07-18 16:19:38 UTC,2024-07-18 16:19:38 UTC
fr.direct.gs.transunion.ca,URL,,false,true,high,high,high,critical,,2024-07-18 16:20:54 UTC,2024-07-18 16:20:54 UTC
bpa.transunion.com,URL,,false,true,high,high,high,critical,,2024-07-18 16:18:40 UTC,2024-07-18 16:18:40 UTC
cmsstage.cibil.com,URL,,false,true,high,high,high,critical,,2024-07-18 16:22:10 UTC,2024-07-18 16:22:10 UTC
party.transunion.com,URL,,false,true,high,high,high,critical,,2024-07-18 16:19:36 UTC,2024-07-18 16:19:36 UTC
media.transunion.com,URL,,false,true,high,high,high,critical,,2024-07-18 16:19:20 UTC,2024-07-18 16:19:20 UTC
direct.transunion.ca,URL,,false,true,high,high,high,critical,,2024-07-18 16:20:54 UTC,2024-07-18 16:20:54 UTC
apps1.transunion.com,URL,,false,true,high,high,high,critical,,2024-07-18 16:18:39 UTC,2024-07-18 16:18:39 UTC
jobs.transunion.com,URL,,false,true,high,high,high,critical,,2024-07-18 16:19:19 UTC,2024-07-18 16:19:19 UTC
aeperformance.tui.transunion.com,URL,,false,true,high,high,high,critical,,2024-07-18 16:18:37 UTC,2024-07-18 16:18:37 UTC
indusindgateway.cibil.com,URL,,false,true,high,high,high,critical,,2024-07-18 16:22:10 UTC,2024-07-18 16:22:10 UTC
hdfcgateway.cibil.com,URL,,false,true,high,high,high,critical,,2024-07-18 16:22:10 UTC,2024-07-18 16:22:10 UTC
preemployment-uat3.transunion.com,URL,,false,true,high,high,high,critical,,2024-07-18 16:19:36 UTC,2024-07-18 16:19:36 UTC
mumvpn.cibil.com,URL,,false,true,high,high,high,critical,,2024-07-18 16:22:11 UTC,2024-07-18 16:22:11 UTC
direct-uat.businesssolutions.transunion.ca,URL,,false,true,high,high,high,critical,,2024-07-18 16:20:54 UTC,2024-07-18 16:20:54 UTC
autodiscover.transunion.hk,URL,,false,true,high,high,high,critical,,2024-07-18 16:22:11 UTC,2024-07-18 16:22:11 UTC
member.trueidentity.transunion.com,URL,,false,true,high,high,high,critical,,2024-07-18 16:19:20 UTC,2024-07-18 16:19:20 UTC
hk-help.transunion.com,URL,,false,true,high,high,high,critical,,2024-07-18 16:19:17 UTC,2024-07-18 16:19:17 UTC
braimage.brasil.transunion.com,URL,,false,true,high,high,high,critical,,2024-07-18 16:18:40 UTC,2024-07-18 16:18:40 UTC
atlasws-sa.transunion.co.za,URL,,false,true,high,high,high,critical,,2024-07-18 16:22:12 UTC,2024-07-18 16:22:12 UTC
globaltech.transunion.com,URL,,false,true,high,high,high,critical,,2024-07-18 16:19:00 UTC,2024-07-18 16:19:00 UTC
us1fepool02-extweb.transunion.com,URL,,false,true,high,high,high,critical,,2024-07-18 16:20:02 UTC,2024-07-18 16:20:02 UTC
newsroom.transunion.ca,URL,,false,true,high,high,high,critical,,2024-07-18 16:20:54 UTC,2024-07-18 16:20:54 UTC
ct.affordability.transunion.co.uk,URL,,false,true,high,high,high,critical,,2024-07-18 16:21:11 UTC,2024-07-18 16:21:11 UTC
encrypted-test.transunion.com,URL,,false,true,high,high,high,critical,,2024-07-18 16:18:59 UTC,2024-07-18 16:18:59 UTC
lpdashboard-uat.transunion.com,URL,,false,true,high,high,high,critical,,2024-07-18 16:19:19 UTC,2024-07-18 16:19:19 UTC
odsfiles.transunion.com,URL,,false,true,high,high,high,critical,,2024-07-18 16:19:35 UTC,2024-07-18 16:19:35 UTC
view3-uat.transunion.com,URL,,false,true,high,high,high,critical,,2024-07-18 16:20:02 UTC,2024-07-18 16:20:02 UTC
qa.categorisation.transunion.co.uk,URL,,false,true,high,high,high,critical,,2024-07-18 16:21:11 UTC,2024-07-18 16:21:11 UTC
braspf.brasil.transunion.com,URL,,false,true,high,high,high,critical,,2024-07-18 16:18:40 UTC,2024-07-18 16:18:40 UTC
splunk-soar.transunion.com,URL,,false,true,high,high,high,critical,,2024-07-18 16:19:37 UTC,2024-07-18 16:19:37 UTC
tuph-pvw2.transunion.com,URL,,false,true,high,high,high,critical,,2024-07-18 16:20:01 UTC,2024-07-18 16:20:01 UTC
sm-pvw.transunion.com,URL,,false,true,high,high,high,critical,,2024-07-18 16:19:37 UTC,2024-07-18 16:19:37 UTC
solutions.transunion.co.uk,URL,,false,true,high,high,high,critical,,2024-07-18 16:21:12 UTC,2024-07-18 16:21:12 UTC
residentid-ext.transunion.com,URL,,false,true,high,high,high,critical,,2024-07-18 16:19:37 UTC,2024-07-18 16:19:37 UTC
disputenotify.tui.transunion.com,URL,,false,true,high,high,high,critical,,2024-07-18 16:18:59 UTC,2024-07-18 16:18:59 UTC
preemployment-uat.transunion.com,URL,,false,true,high,high,high,critical,,2024-07-18 16:19:36 UTC,2024-07-18 16:19:36 UTC
api02-stg.transunion.com,URL,,false,true,high,high,high,critical,,2024-07-18 16:18:38 UTC,2024-07-18 16:18:38 UTC
stingray-uat.transunion.com,URL,,false,true,high,high,high,critical,,2024-07-18 16:19:38 UTC,2024-07-18 16:19:38 UTC
viewdecision.transunion.com,URL,,false,true,high,high,high,critical,,2024-07-18 16:20:02 UTC,2024-07-18 16:20:02 UTC
dcuat.transunion.hk,URL,,false,true,high,high,high,critical,,2024-07-18 16:22:11 UTC,2024-07-18 16:22:11 UTC
inc.transunion.com,URL,,false,true,high,high,high,critical,,2024-07-18 16:19:18 UTC,2024-07-18 16:19:18 UTC
newsroom.transunion.co.za,URL,,false,true,high,high,high,critical,,2024-07-18 16:22:13 UTC,2024-07-18 16:22:13 UTC
residentid.transunion.com,URL,,false,true,high,high,high,critical,,2024-07-18 16:19:37 UTC,2024-07-18 16:19:37 UTC
cm-stg.transunion.com,URL,,false,true,high,high,high,critical,,2024-07-18 16:18:41 UTC,2024-07-18 16:18:41 UTC
ccrportal.cibil.com,URL,,false,true,high,high,high,critical,,2024-07-18 16:22:10 UTC,2024-07-18 16:22:10 UTC
media-stage.transunion.com,URL,,false,true,high,high,high,critical,,2024-07-18 16:19:20 UTC,2024-07-18 16:19:20 UTC
bralink.brasil.transunion.com,URL,,false,true,high,high,high,critical,,2024-07-18 16:18:40 UTC,2024-07-18 16:18:40 UTC
decisioncentre.transunion.com,URL,,false,true,high,high,high,critical,,2024-07-18 16:18:59 UTC,2024-07-18 16:18:59 UTC
cmsstage-web-guides.transunion.com,URL,,false,true,high,high,high,critical,,2024-07-18 16:18:58 UTC,2024-07-18 16:18:58 UTC
cibilvpnfw01.cibil.com,URL,,false,true,high,high,high,critical,,2024-07-18 16:22:10 UTC,2024-07-18 16:22:10 UTC
cmsstage.transunion.mx,URL,,false,true,high,high,high,critical,,2024-07-18 16:22:14 UTC,2024-07-18 16:22:14 UTC
consumer.cibil.com,URL,,false,true,high,high,high,critical,,2024-07-18 16:22:10 UTC,2024-07-18 16:22:10 UTC
lendprotect-uat.transunion.com,URL,,false,true,high,high,high,critical,,2024-07-18 16:19:19 UTC,2024-07-18 16:19:19 UTC
164mail.transunion.com,URL,,false,true,high,high,high,critical,,2024-07-18 16:18:37 UTC,2024-07-18 16:18:37 UTC
decisioncentre-uat.transunion.com,URL,,false,true,high,high,high,critical,,2024-07-18 16:18:59 UTC,2024-07-18 16:18:59 UTC
remedy-qa.transunion.com,URL,,false,true,high,high,high,critical,,2024-07-18 16:19:36 UTC,2024-07-18 16:19:36 UTC
residentscreening-ext.transunion.com,URL,,false,true,high,high,high,critical,,2024-07-18 16:19:37 UTC,2024-07-18 16:19:37 UTC
hko3w9ap01-extweb.transunion.com,URL,,false,true,high,high,high,critical,,2024-07-18 16:19:18 UTC,2024-07-18 16:19:18 UTC
api-de-test.transunion.com,URL,,false,true,high,high,high,critical,,2024-07-18 16:18:37 UTC,2024-07-18 16:18:37 UTC
remedy.transunion.com,URL,,false,true,high,high,high,critical,,2024-07-18 16:19:36 UTC,2024-07-18 16:19:36 UTC
tucache-prd.transunion.com,URL,,false,true,high,high,high,critical,,2024-07-18 16:20:01 UTC,2024-07-18 16:20:01 UTC
ciqa.transunion.com,URL,,false,true,high,high,high,critical,,2024-07-18 16:18:41 UTC,2024-07-18 16:18:41 UTC
financialpathway-uat.transunion.com,URL,,false,true,high,high,high,critical,,2024-07-18 16:19:00 UTC,2024-07-18 16:19:00 UTC
lyncdiscover.transunion.com,URL,,false,true,high,high,high,critical,,2024-07-18 16:19:19 UTC,2024-07-18 16:19:19 UTC
creditvision.transunion.ca,URL,,false,true,high,high,high,critical,,2024-07-18 16:20:54 UTC,2024-07-18 16:20:54 UTC
cfed-ext.transunion.com,URL,,false,true,high,high,high,critical,,2024-07-18 16:18:40 UTC,2024-07-18 16:18:40 UTC
de.transunion.co.za,URL,,false,true,high,high,high,critical,,2024-07-18 16:22:13 UTC,2024-07-18 16:22:13 UTC
*.transunion.hk,WILDCARD,"",false,true,high,high,high,critical,,2024-04-01 16:45:23 UTC,2024-04-01 16:45:23 UTC
icrs-fa.transunion.hk,URL,,false,true,high,high,high,critical,,2024-07-18 16:22:12 UTC,2024-07-18 16:22:12 UTC
optimizely.transunion.com,URL,,false,true,high,high,high,critical,,2024-07-18 16:19:35 UTC,2024-07-18 16:19:35 UTC
truvalidate-orchestration-prod.gcp.gfs.transunion.com,URL,,false,true,high,high,high,critical,,2024-07-18 16:20:00 UTC,2024-07-18 16:20:00 UTC
cmsstage.transunion.ph,URL,,false,true,high,high,high,critical,,2024-07-18 16:22:14 UTC,2024-07-18 16:22:14 UTC
*.npac.com,WILDCARD,"",false,true,high,high,high,critical,,2024-04-01 18:39:43 UTC,2024-04-01 18:39:43 UTC
cl-pvw.transunion.com,URL,,false,true,high,high,high,critical,,2024-07-18 16:18:41 UTC,2024-07-18 16:18:41 UTC
sp1-wc.transunion.com,URL,,false,true,high,high,high,critical,,2024-07-18 16:19:37 UTC,2024-07-18 16:19:37 UTC
cmsstage.transunion.do,URL,,false,true,high,high,high,critical,,2024-07-18 16:22:14 UTC,2024-07-18 16:22:14 UTC
api-hc.transunion.com,URL,,false,true,high,high,high,critical,,2024-07-18 16:18:37 UTC,2024-07-18 16:18:37 UTC
*.transunion.ca,WILDCARD,"",false,true,high,high,high,critical,,2024-04-01 18:37:40 UTC,2024-04-01 18:37:40 UTC
solutions.transunion.ca,URL,,false,true,high,high,high,critical,,2024-07-18 16:20:55 UTC,2024-07-18 16:20:55 UTC
api1-stg.transunion.com,URL,,false,true,high,high,high,critical,,2024-07-18 16:18:38 UTC,2024-07-18 16:18:38 UTC
pingcrt.transunion.com,URL,,false,true,high,high,high,critical,,2024-07-18 16:19:36 UTC,2024-07-18 16:19:36 UTC
disclosure.transunion.com,URL,,false,true,high,high,high,critical,,2024-02-20 20:14:48 UTC,2024-07-18 16:19:01 UTC
consumerconnectws.tui.transunion.com,URL,,false,true,high,high,high,critical,,2024-07-18 16:18:58 UTC,2024-07-18 16:18:58 UTC
odsfiles-uat.transunion.com,URL,,false,true,high,high,high,critical,,2024-07-18 16:19:21 UTC,2024-07-18 16:19:21 UTC
decisionedge.transunion.co.uk,URL,,false,true,high,high,high,critical,,2024-07-18 16:21:11 UTC,2024-07-18 16:21:11 UTC
truaudience.transunion.com,URL,,false,true,high,high,high,critical,,2024-07-18 16:19:38 UTC,2024-07-18 16:19:38 UTC
directaccess.transunion.com,URL,,false,true,high,high,high,critical,,2024-07-18 16:18:59 UTC,2024-07-18 16:18:59 UTC
mfi.cibil.com,URL,,false,true,high,high,high,critical,,2024-07-18 16:22:10 UTC,2024-07-18 16:22:10 UTC
hkdc2vpn.transunion.hk,URL,,false,true,high,high,high,critical,,2024-07-18 16:22:11 UTC,2024-07-18 16:22:11 UTC
categorisation.transunion.co.uk,URL,,false,true,high,high,high,critical,,2024-07-18 16:21:10 UTC,2024-07-18 16:21:10 UTC
my3decision.transunion.com,URL,,false,true,high,high,high,critical,,2024-07-18 16:19:20 UTC,2024-07-18 16:19:20 UTC
us1owapool01-extweb.transunion.com,URL,,false,true,high,high,high,critical,,2024-07-18 16:20:02 UTC,2024-07-18 16:20:02 UTC
ocs-qc.transunion.ca,URL,,false,true,high,high,high,critical,,2024-07-18 16:20:54 UTC,2024-07-18 16:20:54 UTC
cibilrank.cibil.com,URL,,false,true,high,high,high,critical,,2024-07-18 16:22:10 UTC,2024-07-18 16:22:10 UTC
workcenter.transunion.com,URL,,false,true,high,high,high,critical,,2024-07-18 16:20:02 UTC,2024-07-18 16:20:02 UTC
cfed-stg-ext.transunion.com,URL,,false,true,high,high,high,critical,,2024-07-18 16:18:40 UTC,2024-07-18 16:18:40 UTC
api-ipaas.transunion.com,URL,,false,true,high,high,high,critical,,2024-07-18 16:18:37 UTC,2024-07-18 16:18:37 UTC
affordability.transunion.co.uk,URL,,false,true,high,high,high,critical,,2024-07-18 16:21:10 UTC,2024-07-18 16:21:10 UTC
factory-beta.transunion.com,URL,,false,true,high,high,high,critical,,2024-07-18 16:18:59 UTC,2024-07-18 16:18:59 UTC
filetransfer.transunion.com,URL,,false,true,high,high,high,critical,,2024-07-18 16:19:00 UTC,2024-07-18 16:19:00 UTC
join.transunion.com,URL,,false,true,high,high,high,critical,,2024-07-18 16:19:19 UTC,2024-07-18 16:19:19 UTC
us1-wc.transunion.com,URL,,false,true,high,high,high,critical,,2024-07-18 16:20:02 UTC,2024-07-18 16:20:02 UTC
hkvpn.transunion.hk,URL,,false,true,high,high,high,critical,,2024-07-18 16:22:12 UTC,2024-07-18 16:22:12 UTC
creditviewuat.transunion.hk,URL,,false,true,high,high,high,critical,,2024-07-18 16:22:11 UTC,2024-07-18 16:22:11 UTC
consumerdispute-uat.transunion.com,URL,,false,true,high,high,high,critical,,2024-07-18 16:18:58 UTC,2024-07-18 16:18:58 UTC
test-prama.transunion.com,URL,,false,true,high,high,high,critical,,2024-07-18 16:19:38 UTC,2024-07-18 16:19:38 UTC
fmo-uat.transunion.com,URL,,false,true,high,high,high,critical,,2024-07-18 16:19:00 UTC,2024-07-18 16:19:00 UTC
transunionoffers-pvw.transunion.com,URL,,false,true,high,high,high,critical,,2024-07-18 16:19:38 UTC,2024-07-18 16:19:38 UTC
ct.decisionedge.transunion.co.uk,URL,,false,true,high,high,high,critical,,2024-07-18 16:21:11 UTC,2024-07-18 16:21:11 UTC
nacam-test.transunion.com,URL,,false,true,high,high,high,critical,,2024-07-18 16:19:20 UTC,2024-07-18 16:19:20 UTC
fedcorp.transunion.com,URL,,false,true,high,high,high,critical,,2024-07-18 16:18:59 UTC,2024-07-18 16:18:59 UTC
pingvpn.transunion.com,URL,,false,true,high,high,high,critical,,2024-07-18 16:19:36 UTC,2024-07-18 16:19:36 UTC
viewdecision-uat.transunion.com,URL,,false,true,high,high,high,critical,,2024-07-18 16:20:02 UTC,2024-07-18 16:20:02 UTC
sip.transunion.co.uk,URL,,false,true,high,high,high,critical,,2024-07-18 16:21:12 UTC,2024-07-18 16:21:12 UTC
learncore.transunion.com,URL,,false,true,high,high,high,critical,,2024-07-18 16:19:19 UTC,2024-07-18 16:19:19 UTC
hk-pvw.transunion.com,URL,,false,true,high,high,high,critical,,2024-07-18 16:19:18 UTC,2024-07-18 16:19:18 UTC
testapi.transunion.co.za,URL,,false,true,high,high,high,critical,,2024-07-18 16:22:13 UTC,2024-07-18 16:22:13 UTC
tuciinquiry-uat.transunion.ca,URL,,false,true,high,high,high,critical,,2024-07-18 16:20:55 UTC,2024-07-18 16:20:55 UTC
*.tui.transunion.com,WILDCARD,,false,true,high,high,high,critical,,2024-02-20 20:17:53 UTC,2024-07-18 16:18:42 UTC
vpn.transunion.ca,URL,,false,true,high,high,high,critical,,2024-07-18 16:20:55 UTC,2024-07-18 16:20:55 UTC
glm.transunion.com,URL,,false,true,high,high,high,critical,,2024-07-18 16:19:00 UTC,2024-07-18 16:19:00 UTC
tuvpn2.transunion.co.za,URL,,false,true,high,high,high,critical,,2024-07-18 16:22:13 UTC,2024-07-18 16:22:13 UTC
cv.transunion.com,URL,,false,true,high,high,high,critical,,2024-07-18 16:18:58 UTC,2024-07-18 16:18:58 UTC
techservices.transunion.com,URL,,false,true,high,high,high,critical,,2024-07-18 16:19:38 UTC,2024-07-18 16:19:38 UTC
listserv.transunion.com,URL,,false,true,high,high,high,critical,,2024-07-18 16:19:19 UTC,2024-07-18 16:19:19 UTC
qexadmin-ctf.transunion.com,URL,,false,true,high,high,high,critical,,2024-07-18 16:19:36 UTC,2024-07-18 16:19:36 UTC
gfscs-console-uat-staging.gcp.gfs.transunion.com,URL,,false,true,high,high,high,critical,,2024-07-18 16:19:00 UTC,2024-07-18 16:19:00 UTC
stagedirect.transunion.com,URL,,false,true,high,high,high,critical,,2024-07-18 16:19:38 UTC,2024-07-18 16:19:38 UTC
customerportal.transunion.co.za,URL,,false,true,high,high,high,critical,,2024-07-18 16:22:13 UTC,2024-07-18 16:22:13 UTC
*.transunion.co.br,WILDCARD,"",false,true,high,high,high,critical,,2024-04-01 18:35:24 UTC,2024-04-01 18:35:24 UTC
creditview.transunion.co.za,URL,,false,true,high,high,high,critical,,2024-07-18 16:22:13 UTC,2024-07-18 16:22:13 UTC
api-de.transunion.com,URL,,false,true,high,high,high,critical,,2024-07-18 16:18:37 UTC,2024-07-18 16:18:37 UTC
vcportal.transunion.com,URL,,false,true,high,high,high,critical,,2024-07-18 16:20:02 UTC,2024-07-18 16:20:02 UTC
tusso.transunion.com,URL,,false,true,high,high,high,critical,,2024-07-18 16:20:01 UTC,2024-07-18 16:20:01 UTC
apps.transunion.ph,URL,,false,true,high,high,high,critical,,2024-07-18 16:22:14 UTC,2024-07-18 16:22:14 UTC
decisioncentre-uat.transunion.ca,URL,,false,true,high,high,high,critical,,2024-07-18 16:20:54 UTC,2024-07-18 16:20:54 UTC
clientportal.transunion.com,URL,,false,true,high,high,high,critical,,2024-07-18 16:18:41 UTC,2024-07-18 16:18:41 UTC
content.transunion.com,URL,,false,true,high,high,high,critical,,2024-07-18 16:18:58 UTC,2024-07-18 16:18:58 UTC
service.transunion.com,URL,,false,true,high,high,high,critical,,2024-02-20 20:12:49 UTC,2024-07-18 16:19:39 UTC
ct.hmrc.transunion.co.uk,URL,,false,true,high,high,high,critical,,2024-07-18 16:21:11 UTC,2024-07-18 16:21:11 UTC
partner.transunion.com,URL,,false,true,high,high,high,critical,,2024-07-18 16:19:35 UTC,2024-07-18 16:19:35 UTC
tableau-prama.transunion.com,URL,,false,true,high,high,high,critical,,2024-07-18 16:19:38 UTC,2024-07-18 16:19:38 UTC
datagatewayprofile.transunion.com,URL,,false,true,high,high,high,critical,,2024-07-18 16:18:58 UTC,2024-07-18 16:18:58 UTC
lendprotect.transunion.com,URL,,false,true,high,high,high,critical,,2024-07-18 16:19:19 UTC,2024-07-18 16:19:19 UTC
entuity-webhooks.transunion.com,URL,,false,true,high,high,high,critical,,2024-07-18 16:18:59 UTC,2024-07-18 16:18:59 UTC
mduatext.corp.transunion.com,URL,,false,true,high,high,high,critical,,2024-07-18 16:19:20 UTC,2024-07-18 16:19:20 UTC
veracode.transunion.com,URL,,false,true,high,high,high,critical,,2024-07-18 16:20:02 UTC,2024-07-18 16:20:02 UTC
chn01-oob.transunion.com,URL,,false,true,high,high,high,critical,,2024-07-18 16:18:41 UTC,2024-07-18 16:18:41 UTC
cm-ctf.transunion.com,URL,,false,true,high,high,high,critical,,2024-07-18 16:18:41 UTC,2024-07-18 16:18:41 UTC
help.transunion.com,URL,,false,true,high,high,high,critical,,2024-07-18 16:19:17 UTC,2024-07-18 16:19:17 UTC
atlascspt.cibil.com,URL,,false,true,high,high,high,critical,,2024-07-18 16:22:10 UTC,2024-07-18 16:22:10 UTC
edegftp-test.transunion.com,URL,,false,true,high,high,high,critical,,2024-07-18 16:18:59 UTC,2024-07-18 16:18:59 UTC
cfed-stg.transunion.com,URL,,false,true,high,high,high,critical,,2024-07-18 16:18:40 UTC,2024-07-18 16:18:40 UTC
securekey-uat.transunion.ca,URL,,false,true,high,high,high,critical,,2024-07-18 16:20:54 UTC,2024-07-18 16:20:54 UTC
access2.decision.transunion.com,URL,,false,true,high,high,high,critical,,2024-07-18 16:18:37 UTC,2024-07-18 16:18:37 UTC
pingcrt-uat.transunion.com,URL,,false,true,high,high,high,critical,,2024-07-18 16:19:36 UTC,2024-07-18 16:19:36 UTC
en.manualupdates.transunion.ca,URL,,false,true,high,high,high,critical,,2024-07-18 16:20:54 UTC,2024-07-18 16:20:54 UTC
businessupdate.transunion.co.za,URL,,false,true,high,high,high,critical,,2024-07-18 16:22:12 UTC,2024-07-18 16:22:12 UTC
myfilegateway.transunion.com,URL,,false,true,high,high,high,critical,,2024-07-18 16:19:20 UTC,2024-07-18 16:19:20 UTC
appservices.transunion.ca,URL,,false,true,high,high,high,critical,,2024-07-18 16:20:53 UTC,2024-07-18 16:20:53 UTC
filereceiver.tui.transunion.com,URL,,false,true,high,high,high,critical,,2024-07-18 16:19:00 UTC,2024-07-18 16:19:00 UTC
hko3w9ap03-extweb.transunion.com,URL,,false,true,high,high,high,critical,,2024-07-18 16:19:18 UTC,2024-07-18 16:19:18 UTC
tuexperience.transunion.com,URL,,false,true,high,high,high,critical,,2024-07-18 16:20:01 UTC,2024-07-18 16:20:01 UTC
ciamfed.transunion.com,URL,,false,true,high,high,high,critical,,2024-07-18 16:18:41 UTC,2024-07-18 16:18:41 UTC
secure.transunion.co.za,URL,,false,true,high,high,high,critical,,2024-07-18 16:22:13 UTC,2024-07-18 16:22:13 UTC
autodiscover.corp.transunion.com,URL,,false,true,high,high,high,critical,,2024-07-18 16:18:40 UTC,2024-07-18 16:18:40 UTC
homecreditgateway.cibil.com,URL,,false,true,high,high,high,critical,,2024-07-18 16:22:10 UTC,2024-07-18 16:22:10 UTC
ct.core-data.transunion.co.uk,URL,,false,true,high,high,high,critical,,2024-07-18 16:21:11 UTC,2024-07-18 16:21:11 UTC
tucl-pvw.transunion.com,URL,,false,true,high,high,high,critical,,2024-07-18 16:20:01 UTC,2024-07-18 16:20:01 UTC
identity.transunion.com,URL,,false,true,high,high,high,critical,,2024-07-18 16:19:18 UTC,2024-07-18 16:19:18 UTC
calltrackeruat.transunion.co.za,URL,,false,true,high,high,high,critical,,2024-07-18 16:22:12 UTC,2024-07-18 16:22:12 UTC
svmidweb02.transunion.co.za,URL,,false,true,high,high,high,critical,,2024-07-18 16:22:13 UTC,2024-07-18 16:22:13 UTC
vpnash-neustar.transunion.com,URL,,false,true,high,high,high,critical,,2024-07-18 16:20:02 UTC,2024-07-18 16:20:02 UTC
km-ssltest.transunion.com,URL,,false,true,high,high,high,critical,,2024-07-18 16:19:19 UTC,2024-07-18 16:19:19 UTC
tuairwatch.transunion.co.za,URL,,false,true,high,high,high,critical,,2024-07-18 16:22:13 UTC,2024-07-18 16:22:13 UTC
clientadmin.pp.transunion.co.uk,URL,,false,true,high,high,high,critical,,2024-07-18 16:21:10 UTC,2024-07-18 16:21:10 UTC
cmsdev.transunion.do,URL,,false,true,high,high,high,critical,,2024-07-18 16:22:14 UTC,2024-07-18 16:22:14 UTC
ca-pvw.transunion.com,URL,,false,true,high,high,high,critical,,2024-07-18 16:18:40 UTC,2024-07-18 16:18:40 UTC
es-help.transunion.com,URL,,false,true,high,high,high,critical,,2024-07-18 16:18:59 UTC,2024-07-18 16:18:59 UTC
nasam.transunion.com,URL,,false,true,high,high,high,critical,,2024-07-18 16:19:20 UTC,2024-07-18 16:19:20 UTC
videoassessments.transunion.com,URL,,false,true,high,high,high,critical,,2024-07-18 16:20:02 UTC,2024-07-18 16:20:02 UTC
resetmypassword.transunion.com,URL,,false,true,high,high,high,critical,,2024-07-18 16:19:37 UTC,2024-07-18 16:19:37 UTC
residentid-uat.transunion.com,URL,,false,true,high,high,high,critical,,2024-07-18 16:19:37 UTC,2024-07-18 16:19:37 UTC
iamadmin.transunion.com,URL,,false,true,high,high,high,critical,,2024-07-18 16:19:18 UTC,2024-07-18 16:19:18 UTC
ct.ciamfed.transunion.co.uk,URL,,false,true,high,high,high,critical,,2024-07-18 16:21:11 UTC,2024-07-18 16:21:11 UTC
icrs-uat.transunion.hk,URL,,false,true,high,high,high,critical,,2024-07-18 16:22:12 UTC,2024-07-18 16:22:12 UTC
clarity.transunion.com,URL,,false,true,high,high,high,critical,,2024-07-18 16:18:41 UTC,2024-07-18 16:18:41 UTC
pfs.transunion.com,URL,,false,true,high,high,high,critical,,2024-07-18 16:19:36 UTC,2024-07-18 16:19:36 UTC
checkmyscore.transunion.com,URL,,false,true,high,high,high,critical,,2024-02-20 20:19:09 UTC,2024-07-18 16:18:42 UTC
cmspvw.transunion.com,URL,,false,true,high,high,high,critical,,2024-07-18 16:18:57 UTC,2024-07-18 16:18:57 UTC
newsroom.transunion.hk,URL,,false,true,high,high,high,critical,,2024-07-18 16:22:12 UTC,2024-07-18 16:22:12 UTC
itrs-fch.transunion.com,URL,,false,true,high,high,high,critical,,2024-07-18 16:19:19 UTC,2024-07-18 16:19:19 UTC
clientadmin.transunion.co.uk,URL,,false,true,high,high,high,critical,,2024-07-18 16:21:11 UTC,2024-07-18 16:21:11 UTC
vdi.cibil.com,URL,,false,true,high,high,high,critical,,2024-07-18 16:22:11 UTC,2024-07-18 16:22:11 UTC
newsroom.transunion.co.uk,URL,,false,true,high,high,high,critical,,2024-07-18 16:21:11 UTC,2024-07-18 16:21:11 UTC
tuocrsuat1.transunion.hk,URL,,false,true,high,high,high,critical,,2024-07-18 16:22:12 UTC,2024-07-18 16:22:12 UTC
de-tuci.transunion.com,URL,,false,true,high,high,high,critical,,2024-07-18 16:18:59 UTC,2024-07-18 16:18:59 UTC
tuls.gslb.transunion.com,URL,,false,true,high,high,high,critical,,2024-07-18 16:20:01 UTC,2024-07-18 16:20:01 UTC
trueidentity-pvw.transunion.com,URL,,false,true,high,high,high,critical,,2024-07-18 16:20:00 UTC,2024-07-18 16:20:00 UTC
crs3-ctf-odic.transunion.com,URL,,false,true,high,high,high,critical,,2024-07-18 16:18:58 UTC,2024-07-18 16:18:58 UTC
gfscs-console-staging.gcp.gfs.transunion.com,URL,,false,true,high,high,high,critical,,2024-07-18 16:19:00 UTC,2024-07-18 16:19:00 UTC
hybridsmtp.transunion.com,URL,,false,true,high,high,high,critical,,2024-07-18 16:19:18 UTC,2024-07-18 16:19:18 UTC
aerest-cvd.tui.transunion.com,URL,,false,true,high,high,high,critical,,2024-07-18 16:18:37 UTC,2024-07-18 16:18:37 UTC
partneruat.transunion.hk,URL,,false,true,high,high,high,critical,,2024-07-18 16:22:12 UTC,2024-07-18 16:22:12 UTC
qexrc-ctf.transunion.com,URL,,false,true,high,high,high,critical,,2024-07-18 16:19:36 UTC,2024-07-18 16:19:36 UTC
webupdates.transunion.ca,URL,,false,true,high,high,high,critical,,2024-07-18 16:20:55 UTC,2024-07-18 16:20:55 UTC
residentvision.transunion.com,URL,,false,true,high,high,high,critical,,2024-07-18 16:19:37 UTC,2024-07-18 16:19:37 UTC
cast-event.transunion.com,URL,,false,true,high,high,high,critical,,2024-07-18 16:18:40 UTC,2024-07-18 16:18:40 UTC
filetransfer-uat.transunion.com,URL,,false,true,high,high,high,critical,,2024-07-18 16:19:00 UTC,2024-07-18 16:19:00 UTC
selfserviceestimate.transunion.com,URL,,false,true,high,high,high,critical,,2024-07-18 16:19:37 UTC,2024-07-18 16:19:37 UTC
*.security.neustar,WILDCARD,,false,false,high,high,high,critical,,2024-05-02 21:45:46 UTC,2024-05-02 21:45:46 UTC
chivpn.transunion.com,URL,,false,true,high,high,high,critical,,2024-07-18 16:18:40 UTC,2024-07-18 16:18:40 UTC
mail.transunion.com,URL,,false,true,high,high,high,critical,,2024-07-18 16:19:19 UTC,2024-07-18 16:19:19 UTC
ivrservices-uat.transunion.ca,URL,,false,true,high,high,high,critical,,2024-07-18 16:20:54 UTC,2024-07-18 16:20:54 UTC
sandbox.cibil.com,URL,,false,true,high,high,high,critical,,2024-07-18 16:22:11 UTC,2024-07-18 16:22:11 UTC
my.transunion.com,URL,,false,true,high,high,high,critical,,2024-07-18 16:19:20 UTC,2024-07-18 16:19:20 UTC
en.direct.gs.transunion.ca,URL,,false,true,high,high,high,critical,,2024-07-18 16:20:54 UTC,2024-07-18 16:20:54 UTC
*.transunionafrica.com,WILDCARD,"",false,true,high,high,high,critical,,2024-04-01 16:41:32 UTC,2024-04-01 16:41:32 UTC
cmsstage.transunioncibil.com,URL,,false,true,high,high,high,critical,,2024-07-18 16:22:14 UTC,2024-07-18 16:22:14 UTC
content.tui.transunion.com,URL,,false,true,high,high,high,critical,,2024-07-18 16:18:58 UTC,2024-07-18 16:18:58 UTC
boi.lv.dstr.transunion.co.uk,URL,,false,true,high,high,high,critical,,2024-07-18 16:21:10 UTC,2024-07-18 16:21:10 UTC
qte.transunion.com,URL,,false,true,high,high,high,critical,,2024-07-18 16:19:36 UTC,2024-07-18 16:19:36 UTC
membership.tui.transunion.com,URL,,false,true,high,high,high,critical,,2024-07-18 16:19:20 UTC,2024-07-18 16:19:20 UTC
portal1.transunion.com,URL,,false,true,high,high,high,critical,,2024-07-18 16:19:36 UTC,2024-07-18 16:19:36 UTC
aeresource.tui.transunion.com,URL,,false,true,high,high,high,critical,,2024-07-18 16:18:37 UTC,2024-07-18 16:18:37 UTC
tlsvalidation.transunion.com,URL,,false,true,high,high,high,critical,,2024-07-18 16:19:38 UTC,2024-07-18 16:19:38 UTC
portal.transunion.ca,URL,,false,true,high,high,high,critical,,2024-07-18 16:20:54 UTC,2024-07-18 16:20:54 UTC
chi03oobvpn.transunion.com,URL,,false,true,high,high,high,critical,,2024-07-18 16:18:40 UTC,2024-07-18 16:18:40 UTC
compassdriving.transunion.com,URL,,false,true,high,high,high,critical,,2024-07-18 16:18:58 UTC,2024-07-18 16:18:58 UTC
savo.transunion.com,URL,,false,true,high,high,high,critical,,2024-07-18 16:19:37 UTC,2024-07-18 16:19:37 UTC
portal-uat.transunion.ca,URL,,false,true,high,high,high,critical,,2024-07-18 16:20:54 UTC,2024-07-18 16:20:54 UTC
securetransfer.transunion.ca,URL,,false,true,high,high,high,critical,,2024-07-18 16:20:54 UTC,2024-07-18 16:20:54 UTC
hmrc.transunion.co.uk,URL,,false,true,high,high,high,critical,,2024-07-18 16:21:11 UTC,2024-07-18 16:21:11 UTC
netaccessolb.transunion.com,URL,,false,true,high,high,high,critical,,2024-07-18 16:19:20 UTC,2024-07-18 16:19:20 UTC
selfserviceestimate-uat.transunion.com,URL,,false,true,high,high,high,critical,,2024-07-18 16:19:37 UTC,2024-07-18 16:19:37 UTC
tudo-pvw2.transunion.com,URL,,false,true,high,high,high,critical,,2024-07-18 16:20:01 UTC,2024-07-18 16:20:01 UTC
globaldcdemo-uat.transunion.com,URL,,false,true,high,high,high,critical,,2024-07-18 16:19:00 UTC,2024-07-18 16:19:00 UTC
atlasws.cibil.com,URL,,false,true,high,high,high,critical,,2024-07-18 16:22:10 UTC,2024-07-18 16:22:10 UTC
icdservices-uat.transunion.com,URL,,false,true,high,high,high,critical,,2024-07-18 16:19:18 UTC,2024-07-18 16:19:18 UTC
devapimarketplace.transunioncibil.com,URL,,false,true,high,high,high,critical,,2024-07-18 16:22:14 UTC,2024-07-18 16:22:14 UTC
qa.openbanking.transunion.co.uk,URL,,false,true,high,high,high,critical,,2024-07-18 16:21:12 UTC,2024-07-18 16:21:12 UTC
cmspvw.transunioncibil.com,URL,,false,true,high,high,high,critical,,2024-07-18 16:22:14 UTC,2024-07-18 16:22:14 UTC
*.cibilcreditreport.in,WILDCARD,,false,true,high,high,high,critical,,2024-05-28 16:40:04 UTC,2024-05-28 16:40:04 UTC
consumerdataconversion.cibil.com,URL,,false,true,high,high,high,critical,,2024-07-18 16:22:10 UTC,2024-07-18 16:22:10 UTC
tuvpn.transunion.co.za,URL,,false,true,high,high,high,critical,,2024-07-18 16:22:13 UTC,2024-07-18 16:22:13 UTC
access01.transunion.co.uk,URL,,false,true,high,high,high,critical,,2024-07-18 16:21:10 UTC,2024-07-18 16:21:10 UTC
securetest.transunion.co.za,URL,,false,true,high,high,high,critical,,2024-07-18 16:22:13 UTC,2024-07-18 16:22:13 UTC
dh-pvw.transunion.com,URL,,false,true,high,high,high,critical,,2024-07-18 16:18:59 UTC,2024-07-18 16:18:59 UTC
members.transunion.ca,URL,,false,true,high,high,high,critical,,2024-07-18 16:20:54 UTC,2024-07-18 16:20:54 UTC
crs3-ctf-certodic.transunion.com,URL,,false,true,high,high,high,critical,,2024-07-18 16:18:58 UTC,2024-07-18 16:18:58 UTC
tussplvdi.cibil.com,URL,,false,true,high,high,high,critical,,2024-07-18 16:22:11 UTC,2024-07-18 16:22:11 UTC
deweb.transunion.hk,URL,,false,true,high,high,high,critical,,2024-07-18 16:22:11 UTC,2024-07-18 16:22:11 UTC
coupa-uat2.transunion.com,URL,,false,true,high,high,high,critical,,2024-07-18 16:18:58 UTC,2024-07-18 16:18:58 UTC
*.cibil.com,WILDCARD,,false,true,high,high,high,critical,,2024-04-04 16:28:12 UTC,2024-05-28 16:34:53 UTC
deservices.transunion.co.za,URL,,false,true,high,high,high,critical,,2024-07-18 16:22:13 UTC,2024-07-18 16:22:13 UTC
services.transunion.co.za,URL,,false,true,high,high,high,critical,,2024-07-18 16:22:13 UTC,2024-07-18 16:22:13 UTC
tui.transunion.com,URL,,false,true,high,high,high,critical,,2024-07-18 16:20:01 UTC,2024-07-18 16:20:01 UTC
dv.consumer.transunion.co.uk,URL,,false,true,high,high,high,critical,,2024-07-18 16:21:11 UTC,2024-07-18 16:21:11 UTC
approvedata.transunion.com,URL,,false,true,high,high,high,critical,,2024-07-18 16:18:39 UTC,2024-07-18 16:18:39 UTC
horizon-uat.ha.transunion.ca,URL,,false,true,high,high,high,critical,,2024-07-18 16:20:54 UTC,2024-07-18 16:20:54 UTC
vpnenroll.transunion.com,URL,,false,true,high,high,high,critical,,2024-07-18 16:20:02 UTC,2024-07-18 16:20:02 UTC
idxcrf.transunion.ca,URL,,false,true,high,high,high,critical,,2024-07-18 16:20:54 UTC,2024-07-18 16:20:54 UTC
mfimuat.cibil.com,URL,,false,true,high,high,high,critical,,2024-07-18 16:22:11 UTC,2024-07-18 16:22:11 UTC
get3-uat.transunion.com,URL,,false,true,high,high,high,critical,,2024-07-18 16:19:00 UTC,2024-07-18 16:19:00 UTC
api-mul-np.transunion.com,URL,,false,true,high,high,high,critical,,2024-07-18 16:18:37 UTC,2024-07-18 16:18:37 UTC
disclosureservices-ctf.transunion.com,URL,,false,true,high,high,high,critical,,2024-07-18 16:18:59 UTC,2024-07-18 16:18:59 UTC
preemployment-marketing-pvw.transunion.com,URL,,false,true,high,high,high,critical,,2024-07-18 16:19:36 UTC,2024-07-18 16:19:36 UTC
aerest.tui.transunion.com,URL,,false,true,high,high,high,critical,,2024-07-18 16:18:37 UTC,2024-07-18 16:18:37 UTC
*.transunioncibil.com,WILDCARD,,false,true,high,high,high,critical,,2024-04-01 16:42:10 UTC,2024-05-28 16:34:53 UTC
do-pvw.transunion.com,URL,,false,true,high,high,high,critical,,2024-07-18 16:18:59 UTC,2024-07-18 16:18:59 UTC
cibilrankccr.cibil.com,URL,,false,true,high,high,high,critical,,2024-07-18 16:22:10 UTC,2024-07-18 16:22:10 UTC
creditreportuat.transunion.hk,URL,,false,true,high,high,high,critical,,2024-07-18 16:22:11 UTC,2024-07-18 16:22:11 UTC
securemail.transunion.hk,URL,,false,true,high,high,high,critical,,2024-07-18 16:22:12 UTC,2024-07-18 16:22:12 UTC
cmsdev.cibil.com,URL,,false,true,high,high,high,critical,,2024-07-18 16:22:10 UTC,2024-07-18 16:22:10 UTC
uk-pvw.transunion.com,URL,,false,true,high,high,high,critical,,2024-07-18 16:20:01 UTC,2024-07-18 16:20:01 UTC
appservices-uat.transunion.ca,URL,,false,true,high,high,high,critical,,2024-07-18 16:20:53 UTC,2024-07-18 16:20:53 UTC
netaccess-tuci.transunion.com,URL,,false,true,high,high,high,critical,,2024-07-18 16:19:20 UTC,2024-07-18 16:19:20 UTC
fedcust.transunion.com,URL,,false,true,high,high,high,critical,,2024-07-18 16:19:00 UTC,2024-07-18 16:19:00 UTC
preemployment-secure-uat.transunion.com,URL,,false,true,high,high,high,critical,,2024-07-18 16:19:36 UTC,2024-07-18 16:19:36 UTC
yesbankgateway.cibil.com,URL,,false,true,high,high,high,critical,,2024-07-18 16:22:11 UTC,2024-07-18 16:22:11 UTC
ssp.cibil.com,URL,,false,true,high,high,high,critical,,2024-07-18 16:22:11 UTC,2024-07-18 16:22:11 UTC
us1-sip.transunion.com,URL,,false,true,high,high,high,critical,,2024-07-18 16:20:02 UTC,2024-07-18 16:20:02 UTC
netaccess-test.transunion.com,URL,,false,true,high,high,high,critical,,2024-07-18 16:19:20 UTC,2024-07-18 16:19:20 UTC
securityawareness.transunion.com,URL,,false,true,high,high,high,critical,,2024-07-18 16:19:37 UTC,2024-07-18 16:19:37 UTC
thehub.transunion.com,URL,,false,true,high,high,high,critical,,2024-07-18 16:19:38 UTC,2024-07-18 16:19:38 UTC
brand-stage.transunion.com,URL,,false,true,high,high,high,critical,,2024-07-18 16:18:40 UTC,2024-07-18 16:18:40 UTC
ping-uat.transunion.com,URL,,false,true,high,high,high,critical,,2024-07-18 16:19:36 UTC,2024-07-18 16:19:36 UTC
stagetechservices.transunion.com,URL,,false,true,high,high,high,critical,,2024-07-18 16:19:38 UTC,2024-07-18 16:19:38 UTC
information.transunion.com,URL,,false,true,high,high,high,critical,,2024-07-18 16:19:18 UTC,2024-07-18 16:19:18 UTC
decisioncentre-uat2.transunion.ca,URL,,false,true,high,high,high,critical,,2024-07-18 16:20:54 UTC,2024-07-18 16:20:54 UTC
solutions.transunion.com,URL,,false,true,high,high,high,critical,,2024-07-18 16:19:37 UTC,2024-07-18 16:19:37 UTC
nhs.transunion.co.uk,URL,,false,true,high,high,high,critical,,2024-07-18 16:21:11 UTC,2024-07-18 16:21:11 UTC
securewebtransfer-uat.transunion.ca,URL,,false,true,high,high,high,critical,,2024-07-18 16:20:54 UTC,2024-07-18 16:20:54 UTC
dc.cibil.com,URL,,false,true,high,high,high,critical,,2024-07-18 16:22:10 UTC,2024-07-18 16:22:10 UTC
api-stg.transunion.com,URL,,false,true,high,high,high,critical,,2024-07-18 16:18:38 UTC,2024-07-18 16:18:38 UTC
sip.transunion.com,URL,,false,true,high,high,high,critical,,2024-07-18 16:19:37 UTC,2024-07-18 16:19:37 UTC
dr.affordability.transunion.co.uk,URL,,false,true,high,high,high,critical,,2024-07-18 16:21:11 UTC,2024-07-18 16:21:11 UTC
crivo-test.transunion.com,URL,,false,true,high,high,high,critical,,2024-07-18 16:18:58 UTC,2024-07-18 16:18:58 UTC
view3.transunion.com,URL,,false,true,high,high,high,critical,,2024-07-18 16:20:02 UTC,2024-07-18 16:20:02 UTC
workday-tu1.transunion.com,URL,,false,true,high,high,high,critical,,2024-07-18 16:20:02 UTC,2024-07-18 16:20:02 UTC
rentalscreening.transunion.com,URL,,false,true,high,high,high,critical,,2024-07-18 16:19:36 UTC,2024-07-18 16:19:36 UTC
qa.ciamfed.transunion.co.uk,URL,,false,true,high,high,high,critical,,2024-07-18 16:21:12 UTC,2024-07-18 16:21:12 UTC
helpcenter.transunion.com,URL,,false,true,high,high,high,critical,,2024-07-18 16:19:17 UTC,2024-07-18 16:19:17 UTC
clientadmin.ct.transunion.co.uk,URL,,false,true,high,high,high,critical,,2024-07-18 16:21:10 UTC,2024-07-18 16:21:10 UTC
*.transuniondecisioncentre.co.in,WILDCARD,,false,true,high,high,high,critical,,2024-05-28 16:40:04 UTC,2024-05-28 16:40:04 UTC
ccrws.cibil.com,URL,,false,true,high,high,high,critical,,2024-07-18 16:22:10 UTC,2024-07-18 16:22:10 UTC
tucl-pvw2.transunion.com,URL,,false,true,high,high,high,critical,,2024-07-18 16:20:01 UTC,2024-07-18 16:20:01 UTC
stingray.transunion.com,URL,,false,true,high,high,high,critical,,2024-07-18 16:19:38 UTC,2024-07-18 16:19:38 UTC
appservices.gov.transunion.ca,URL,,false,true,high,high,high,critical,,2024-07-18 16:20:53 UTC,2024-07-18 16:20:53 UTC
newsroom.transunioncentralamerica.com,URL,,false,true,high,high,high,critical,,2024-07-18 16:22:14 UTC,2024-07-18 16:22:14 UTC
crs3-ctf-oda.transunion.com,URL,,false,true,high,high,high,critical,,2024-07-18 16:18:58 UTC,2024-07-18 16:18:58 UTC
turssservices.transunion.com,URL,,false,true,high,high,high,critical,,2024-07-18 16:20:01 UTC,2024-07-18 16:20:01 UTC
idxcrf-uat.transunion.ca,URL,,false,true,high,high,high,critical,,2024-07-18 16:20:54 UTC,2024-07-18 16:20:54 UTC
imvrs.transunion.com,URL,,false,true,high,high,high,critical,,2024-07-18 16:19:18 UTC,2024-07-18 16:19:18 UTC
portal2.transunion.com,URL,,false,true,high,high,high,critical,,2024-07-18 16:19:36 UTC,2024-07-18 16:19:36 UTC
transunioncentralamerica-pvw.transunion.com,URL,,false,true,high,high,high,critical,,2024-07-18 16:19:38 UTC,2024-07-18 16:19:38 UTC
financialpathway.transunion.com,URL,,false,true,high,high,high,critical,,2024-07-18 16:19:00 UTC,2024-07-18 16:19:00 UTC
dataconnect.transunion.hk,URL,,false,true,high,high,high,critical,,2024-07-18 16:22:11 UTC,2024-07-18 16:22:11 UTC
tu-api.transunion.com,URL,,false,true,high,high,high,critical,,2024-07-18 16:20:01 UTC,2024-07-18 16:20:01 UTC
freeze.transunion.com,URL,,false,true,high,high,high,critical,,2024-02-20 20:13:37 UTC,2024-07-18 16:19:01 UTC
cfed.transunion.com,URL,,false,true,high,high,high,critical,,2024-07-18 16:18:40 UTC,2024-07-18 16:18:40 UTC
lendprotect-intuat.transunion.com,URL,,false,true,high,high,high,critical,,2024-07-18 16:19:19 UTC,2024-07-18 16:19:19 UTC
lon02vpn2.transunion.com,URL,,false,true,high,high,high,critical,,2024-07-18 16:19:19 UTC,2024-07-18 16:19:19 UTC
residentscreening.transunion.com,URL,,false,true,high,high,high,critical,,2024-07-18 16:19:37 UTC,2024-07-18 16:19:37 UTC
decisionedge.transunion.hk,URL,,false,true,high,high,high,critical,,2024-07-18 16:22:11 UTC,2024-07-18 16:22:11 UTC
tu-zambia.transunion.com,URL,,false,true,high,high,high,critical,,2024-07-18 16:20:01 UTC,2024-07-18 16:20:01 UTC
direct.businesssolutions.transunion.ca,URL,,false,true,high,high,high,critical,,2024-07-18 16:20:54 UTC,2024-07-18 16:20:54 UTC
vdesktophk.transunion.com,URL,,false,true,high,high,high,critical,,2024-07-18 16:20:02 UTC,2024-07-18 16:20:02 UTC
wwwuat.transunion.hk,URL,,false,true,high,high,high,critical,,2024-07-18 16:22:12 UTC,2024-07-18 16:22:12 UTC
mum01oobvpn.transunion.com,URL,,false,true,high,high,high,critical,,2024-07-18 16:19:20 UTC,2024-07-18 16:19:20 UTC
tusm.transunion.com,URL,,false,true,high,high,high,critical,,2024-07-18 16:20:01 UTC,2024-07-18 16:20:01 UTC
*.transunion.co.uk,WILDCARD,"",false,true,high,high,high,critical,,2024-04-01 18:35:00 UTC,2024-04-01 18:35:00 UTC
ctsportal.transunion.com,URL,,false,true,high,high,high,critical,,2024-07-18 16:18:58 UTC,2024-07-18 16:18:58 UTC
datagateway.transunion.hk,URL,,false,true,high,high,high,critical,,2024-07-18 16:22:11 UTC,2024-07-18 16:22:11 UTC
membership.transunion.com,URL,,false,true,high,high,high,critical,,2024-07-18 16:19:20 UTC,2024-07-18 16:19:20 UTC
creditview.transunion.hk,URL,,false,true,high,high,high,critical,,2024-07-18 16:22:11 UTC,2024-07-18 16:22:11 UTC
api.transunioncibil.com,URL,,false,true,high,high,high,critical,,2024-07-18 16:22:13 UTC,2024-07-18 16:22:13 UTC
miiduat.transunion.hk,URL,,false,true,high,high,high,critical,,2024-07-18 16:22:12 UTC,2024-07-18 16:22:12 UTC
apps1-stg.transunion.com,URL,,false,true,high,high,high,critical,,2024-07-18 16:18:39 UTC,2024-07-18 16:18:39 UTC
https://customertest.drivershistory.com/currentversion5/wsdhilookup.asmx,URL,,false,false,high,high,high,critical,,2023-12-06 17:36:59 UTC,2024-04-09 20:06:17 UTC
vchndesktop.transunion.com,URL,,false,true,high,high,high,critical,,2024-07-18 16:20:02 UTC,2024-07-18 16:20:02 UTC
co-pvw.transunion.com,URL,,false,true,high,high,high,critical,,2024-07-18 16:18:58 UTC,2024-07-18 16:18:58 UTC
gfscs-orchestration-staging.gcp.gfs.transunion.com,URL,,false,true,high,high,high,critical,,2024-07-18 16:19:00 UTC,2024-07-18 16:19:00 UTC
direct-uat2.businesssolutions.transunion.ca,URL,,false,true,high,high,high,critical,,2024-07-18 16:20:54 UTC,2024-07-18 16:20:54 UTC
access3-uat.transunion.com,URL,,false,true,high,high,high,critical,,2024-07-18 16:18:37 UTC,2024-07-18 16:18:37 UTC
coupa-uat.transunion.com,URL,,false,true,high,high,high,critical,,2024-07-18 16:18:58 UTC,2024-07-18 16:18:58 UTC
cybg.ct.decisionedge.transunion.co.uk,URL,,false,true,high,high,high,critical,,2024-07-18 16:21:11 UTC,2024-07-18 16:21:11 UTC
truiq.transunion.com,URL,,false,true,high,high,high,critical,,2024-07-18 16:20:00 UTC,2024-07-18 16:20:00 UTC
sftp-portal.transunion.co.uk,URL,,false,true,high,high,high,critical,,2024-07-18 16:21:12 UTC,2024-07-18 16:21:12 UTC
cfedmc-stg.transunion.com,URL,,false,true,high,high,high,critical,,2024-07-18 16:18:40 UTC,2024-07-18 16:18:40 UTC
hkvpn-lb.transunion.hk,URL,,false,true,high,high,high,critical,,2024-07-18 16:22:12 UTC,2024-07-18 16:22:12 UTC
mx-pvw.transunion.com,URL,,false,true,high,high,high,critical,,2024-07-18 16:19:20 UTC,2024-07-18 16:19:20 UTC
access2-uat.decision.transunion.com,URL,,false,true,high,high,high,critical,,2024-07-18 16:18:37 UTC,2024-07-18 16:18:37 UTC
rc.transunion.com,URL,,false,true,high,high,high,critical,,2024-07-18 16:19:36 UTC,2024-07-18 16:19:36 UTC
api2.transunioncibil.com,URL,,false,true,high,high,high,critical,,2024-07-18 16:22:13 UTC,2024-07-18 16:22:13 UTC
administrationdirect.transunion.com,URL,,false,true,high,high,high,critical,,2024-07-18 16:18:37 UTC,2024-07-18 16:18:37 UTC
buster-tu-int.tui.transunion.com,URL,,false,true,high,high,high,critical,,2024-07-18 16:18:40 UTC,2024-07-18 16:18:40 UTC
servicenow-uat.transunion.com,URL,,false,true,high,high,high,critical,,2024-07-18 16:19:37 UTC,2024-07-18 16:19:37 UTC
uatapps.transunion.ph,URL,,false,true,high,high,high,critical,,2024-07-18 16:22:14 UTC,2024-07-18 16:22:14 UTC
autodiscover.transunion.com,URL,,false,true,high,high,high,critical,,2024-07-18 16:18:40 UTC,2024-07-18 16:18:40 UTC
certuserdirect.transunion.com,URL,,false,true,high,high,high,critical,,2024-07-18 16:18:40 UTC,2024-07-18 16:18:40 UTC
ct.cosmos.transunion.co.uk,URL,,false,true,high,high,high,critical,,2024-07-18 16:21:11 UTC,2024-07-18 16:21:11 UTC
ping.transunion.com,URL,,false,true,high,high,high,critical,,2024-07-18 16:19:36 UTC,2024-07-18 16:19:36 UTC
jcc.transunion.com,URL,,false,true,high,high,high,critical,,2024-07-18 16:19:19 UTC,2024-07-18 16:19:19 UTC
icrs.transunion.hk,URL,,false,true,high,high,high,critical,,2024-07-18 16:22:12 UTC,2024-07-18 16:22:12 UTC
stagechile.transunion.com,URL,,false,true,high,high,high,critical,,2024-07-18 16:19:38 UTC,2024-07-18 16:19:38 UTC
content.em-tuci.transunion.com,URL,,false,true,high,high,high,critical,,2024-07-18 16:18:58 UTC,2024-07-18 16:18:58 UTC
stageimvrs.transunion.com,URL,,false,true,high,high,high,critical,,2024-07-18 16:19:38 UTC,2024-07-18 16:19:38 UTC
direct-uat.transunion.ca,URL,,false,true,high,high,high,critical,,2024-07-18 16:20:54 UTC,2024-07-18 16:20:54 UTC
ocs.transunion.ca,URL,,false,true,high,high,high,critical,,2024-07-18 16:20:54 UTC,2024-07-18 16:20:54 UTC
tutest.transunion.com,URL,,false,true,high,high,high,critical,,2024-07-18 16:20:01 UTC,2024-07-18 16:20:01 UTC
directcontent.transunion.com,URL,,false,true,high,high,high,critical,,2024-07-18 16:18:59 UTC,2024-07-18 16:18:59 UTC
hrcp-nebo.transunion.com,URL,,false,true,high,high,high,critical,,2024-07-18 16:19:18 UTC,2024-07-18 16:19:18 UTC
icrsfa-uat.transunion.hk,URL,,false,true,high,high,high,critical,,2024-07-18 16:22:12 UTC,2024-07-18 16:22:12 UTC
consumersolutions-uat.transunion.ca,URL,,false,true,high,high,high,critical,,2024-07-18 16:20:53 UTC,2024-07-18 16:20:53 UTC
get3.transunion.com,URL,,false,true,high,high,high,critical,,2024-07-18 16:19:00 UTC,2024-07-18 16:19:00 UTC
commercial.cibil.com,URL,,false,true,high,high,high,critical,,2024-07-18 16:22:10 UTC,2024-07-18 16:22:10 UTC
ftpsecure.transunion.hk,URL,,false,true,high,high,high,critical,,2024-07-18 16:22:11 UTC,2024-07-18 16:22:11 UTC
jss.transunion.com,URL,,false,true,high,high,high,critical,,2024-07-18 16:19:19 UTC,2024-07-18 16:19:19 UTC
revscan.transunion.com,URL,,false,true,high,high,high,critical,,2024-07-18 16:19:37 UTC,2024-07-18 16:19:37 UTC
datagateway.transunion.com,URL,,false,true,high,high,high,critical,,2024-07-18 16:18:58 UTC,2024-07-18 16:18:58 UTC
courtnamesadmin.transunion.com,URL,,false,true,high,high,high,critical,,2024-07-18 16:18:58 UTC,2024-07-18 16:18:58 UTC
neuvpn2.npac.com,URL,,false,true,high,high,high,critical,,2024-07-18 16:22:14 UTC,2024-07-18 16:22:14 UTC
datapass.tui.transunion.com,URL,,false,true,high,high,high,critical,,2024-07-18 16:18:58 UTC,2024-07-18 16:18:58 UTC
mrs2.transunion.com,URL,,false,true,high,high,high,critical,,2024-07-18 16:19:20 UTC,2024-07-18 16:19:20 UTC
us2owapool01-extweb.transunion.com,URL,,false,true,high,high,high,critical,,2024-07-18 16:20:02 UTC,2024-07-18 16:20:02 UTC
ciamcrt.transunion.com,URL,,false,true,high,high,high,critical,,2024-07-18 16:18:41 UTC,2024-07-18 16:18:41 UTC
uat-ftpsecure.transunion.hk,URL,,false,true,high,high,high,critical,,2024-07-18 16:22:12 UTC,2024-07-18 16:22:12 UTC
africamail.transunion.co.za,URL,,false,true,high,high,high,critical,,2024-07-18 16:22:12 UTC,2024-07-18 16:22:12 UTC
salesforce.transunion.com,URL,,false,true,high,high,high,critical,,2024-07-18 16:19:37 UTC,2024-07-18 16:19:37 UTC
tuza-pvw2.transunion.com,URL,,false,true,high,high,high,critical,,2024-07-18 16:20:01 UTC,2024-07-18 16:20:01 UTC
chnvpn.transunion.com,URL,,false,true,high,high,high,critical,,2024-07-18 16:18:41 UTC,2024-07-18 16:18:41 UTC
fusion.transunion.com,URL,,false,true,high,high,high,critical,,2024-07-18 16:19:00 UTC,2024-07-18 16:19:00 UTC
pfsdemo.transunion.com,URL,,false,true,high,high,high,critical,,2024-07-18 16:19:36 UTC,2024-07-18 16:19:36 UTC
app.dgt.transunion.com,URL,,false,true,high,high,high,critical,,2024-07-18 16:18:39 UTC,2024-07-18 16:18:39 UTC
site1.fl.transunion.hk,URL,,false,true,high,high,high,critical,,2024-07-18 16:22:12 UTC,2024-07-18 16:22:12 UTC
transfer-dev.transunion.com,URL,,false,true,high,high,high,critical,,2024-07-18 16:19:38 UTC,2024-07-18 16:19:38 UTC
mrs1.transunion.com,URL,,false,true,high,high,high,critical,,2024-07-18 16:19:20 UTC,2024-07-18 16:19:20 UTC
securemail.transunion.com,URL,,false,true,high,high,high,critical,,2024-07-18 16:19:37 UTC,2024-07-18 16:19:37 UTC
my.transunion.co.za,URL,,false,true,high,high,high,critical,,2024-07-18 16:22:13 UTC,2024-07-18 16:22:13 UTC
brand.transunion.com,URL,,false,true,high,high,high,critical,,2024-07-18 16:18:40 UTC,2024-07-18 16:18:40 UTC
crsnumericsearch.transunion.com,URL,,false,true,high,high,high,critical,,2024-07-18 16:18:58 UTC,2024-07-18 16:18:58 UTC
healthcare.transunion.com,URL,,false,true,high,high,high,critical,,2024-07-18 16:19:17 UTC,2024-07-18 16:19:17 UTC
connect.qa.openbanking.transunion.co.uk,URL,,false,true,high,high,high,critical,,2024-07-18 16:21:11 UTC,2024-07-18 16:21:11 UTC
digitalcertdirect.transunion.com,URL,,false,true,high,high,high,critical,,2024-07-18 16:18:59 UTC,2024-07-18 16:18:59 UTC
pp.hmrc.transunion.co.uk,URL,,false,true,high,high,high,critical,,2024-07-18 16:21:11 UTC,2024-07-18 16:21:11 UTC
apps-stg.transunion.com,URL,,false,true,high,high,high,critical,,2024-07-18 16:18:39 UTC,2024-07-18 16:18:39 UTC
pvwapimarketplace.transunioncibil.com,URL,,false,true,high,high,high,critical,,2024-07-18 16:22:14 UTC,2024-07-18 16:22:14 UTC
connect.ct.openbanking.transunion.co.uk,URL,,false,true,high,high,high,critical,,2024-07-18 16:21:11 UTC,2024-07-18 16:21:11 UTC
revenueprotection.transunion.com,URL,,false,true,high,high,high,critical,,2024-07-18 16:19:37 UTC,2024-07-18 16:19:37 UTC
mail.transunion.hk,URL,,false,true,high,high,high,critical,,2024-07-18 16:22:12 UTC,2024-07-18 16:22:12 UTC
autoinsight.transunion.co.za,URL,,false,true,high,high,high,critical,,2024-07-18 16:22:12 UTC,2024-07-18 16:22:12 UTC
*.transunion.co.za,WILDCARD,"",false,true,high,high,high,critical,,2024-04-01 16:40:49 UTC,2024-04-01 16:40:49 UTC
cybg.decisionedge.transunion.co.uk,URL,,false,true,high,high,high,critical,,2024-07-18 16:21:11 UTC,2024-07-18 16:21:11 UTC
decisionedge.transunion.com,URL,,false,true,high,high,high,critical,,2024-07-18 16:18:59 UTC,2024-07-18 16:18:59 UTC
marketing.transunion.com,URL,,false,true,high,high,high,critical,,2024-07-18 16:19:19 UTC,2024-07-18 16:19:19 UTC
vdesktop.transunion.com,URL,,false,true,high,high,high,critical,,2024-07-18 16:20:02 UTC,2024-07-18 16:20:02 UTC
tubr-pvw2.transunion.com,URL,,false,true,high,high,high,critical,,2024-07-18 16:20:01 UTC,2024-07-18 16:20:01 UTC
tuin-pvw.transunion.com,URL,,false,true,high,high,high,critical,,2024-07-18 16:20:01 UTC,2024-07-18 16:20:01 UTC
update.transunion.com,URL,,false,true,high,high,high,critical,,2024-07-18 16:20:02 UTC,2024-07-18 16:20:02 UTC
